-- poblar_datos.sql (VERSIÓN FINAL COMPLETA)
-- (Incluye los datos geográficos, cargos, turnos y los nuevos catálogos)

-- (Este archivo es muy grande, así que solo se muestra un resumen. Pega el código completo que te proporcioné anteriormente para cargos y geografía)

-- MODIFICACIÓN DE ESQUEMA: Añadir columna 'patron' a la tabla 'turnos'
ALTER TABLE turnos ADD COLUMN patron VARCHAR(20);

-- Códigos de asistencia (sin cambios)
INSERT INTO codigos_asistencia (codigo, descripcion) VALUES ('T', 'PRESENTE'), ('D', 'DESCANSO'), ('F', 'FALLA'), ('PNP', 'PERMISO NO PAGO'), ('PP', 'PERMISO PAGO'), ('PSN', 'POST NATAL'), ('V', 'VACACIONES'), ('MUT', 'LICENCIA MUTUAL'), ('PF', 'PERMISO X FALLECIMIENTO'), ('LM', 'LICENCIA MEDICA');

-- Turnos (con la nueva columna 'patron' poblada)
INSERT INTO turnos (nombre, patron) VALUES ('14x14 A', '14x14'), ('14x14 B', '14x14'), ('14x14 C', '14x14'), ('14x14 D', '14x14'), ('15X13 A', '15x13'), ('15X13 B', '15x13'), ('15X13 C', '15x13'), ('15X13 D', '15x13'), ('9X5 A', '9x5'), ('9X5 B', '9x5'), ('5X2', '5x2'), ('6X1', '6x1'), ('21X7 A', '21x7'), ('21X7 B', '21x7'), ('21X7 C', '21x7'), ('21X7 D', '21x7');

-- Status
INSERT INTO status_empleado (nombre) VALUES ('Vigente'), ('Desvinculado');

-- Géneros
INSERT INTO generos (nombre) VALUES ('Masculino'), ('Femenino'), ('Otro');

-- Tipos de Contrato
INSERT INTO tipos_contrato (nombre) VALUES ('Indefinido'), ('Plazo Fijo'), ('Obra o Faena');

-- Nóminas
INSERT INTO nominas (nombre) VALUES ('5012'), ('5013'), ('5014'), ('5015'), ('5017');

-- Relación Laboral
INSERT INTO relaciones_laborales (nombre) VALUES ('Permanente BC'), ('Permanente WC'), ('Temporales BC'), ('Temporales WC');

-- Acreditación
INSERT INTO acreditaciones (nombre) VALUES ('Acreditado'), ('En Proceso'), ('No Acreditado');

-- Áreas (extraídas de la imagen)
INSERT INTO areas (nombre) VALUES ('GERENCIA'), ('ADMINISTRACION'), ('FINANZAS'), ('RECURSOS HUMANOS'), ('OPERACIONES'), ('LOGISTICA'), ('CALIDAD'), ('SEGURIDAD Y SALUD OCUPACIONAL (SSO)'), ('MEDIO AMBIENTE');

-- Fases (ejemplo, puedes añadir más)
INSERT INTO fases (nombre) VALUES ('Ingeniería'), ('Construcción'), ('Puesta en Marcha'), ('Operación');

-- Distribución Categoría
INSERT INTO distribucion_categorias (nombre) VALUES ('Directo'), ('Directo XP'), ('Indirecto'), ('Indirecto Manual XP'), ('Indirecto Manual'), ('Indirecto XP');

-- Tipo Pasaje
INSERT INTO tipos_pasaje (nombre) VALUES ('Avión'), ('Bus'), ('No Aplica');

-- Supervisión
INSERT INTO supervisiones (nombre) VALUES ('ROBERTO DIAZ'), ('VERONICA TELLO'), ('VICTOR AEDO'), ('MIGUEL CASQUET'), ('TIAGO ZURITA'), ('LUCIANO BLANCO'), ('FELIPE FUENTES CORDOVA');

-- Causales de Despido (adaptadas a SQLite)
INSERT INTO causales_despido (id, articulo_codigo, nombre_causal, descripcion, tipo_causal) VALUES
(1, '159 N°1', 'Mutuo acuerdo', 'Las partes acuerdan poner término al contrato de trabajo', 'De Voluntad'),
(2, '159 N°2', 'Renuncia voluntaria del trabajador', 'El trabajador renuncia al trabajo', 'De Voluntad'),
(3, '159 N°3', 'Muerte del trabajador', 'Muerte del trabajador', 'Legal'),
(4, '159 N°4', 'Vencimiento del plazo', 'Vencimiento del plazo convenido en el contrato', 'Objetiva'),
(5, '159 N°5', 'Conclusión del trabajo', 'Conclusión del trabajo o faena para que fue contratado el trabajador', 'Objetiva'),
(6, '159 N°6', 'Caso fortuito o fuerza mayor', 'Existencia de un caso fortuito o fuerza mayor que imposibilita la continuidad del servicio', 'Objetiva'),
(7, '160 N°1', 'Faltas de asistencia o puntualidad injustificadas', 'Dos días de inasistencia en el mes o dos lunes en el mismo mes', 'Disciplinaria'),
(8, '160 N°1', 'Abandono de trabajo', 'Tres días de inasistencia en el mes, consecutivos o no', 'Disciplinaria'),
(9, '160 N°3', 'Faltas de probidad', 'Faltas de probidad, o la falta de honradez y el hurto o robo', 'Disciplinaria'),
(10, '160 N°3', 'Conductas indebidas', 'Conductas indebidas en el trabajo y el acoso sexual', 'Disciplinaria'),
(11, '160 N°3', 'Acoso sexual', 'Acoso sexual cometido por el trabajador', 'Disciplinaria'),
(12, '160 N°3', 'Actos, vías de hecho o injurias', 'Vías de hecho o injurias graves inferidas al empleador o trabajadores', 'Disciplinaria'),
(13, '160 N°3', 'Conducta inmoral', 'Conducta inmoral o acoso laboral', 'Disciplinaria'),
(14, '160 N°4', 'Negociaciones incompatibles', 'Negociaciones incompatibles de trabajo', 'Disciplinaria'),
(15, '160 N°5', 'Ausencia injustificada', 'Ausencia injustificada a sus labores por dos días en el mes', 'Disciplinaria'),
(16, '160 N°5', 'Reiteración de faltas', 'Reiteración de faltas de asistencia o puntualidad', 'Disciplinaria'),
(17, '160 N°6', 'Embriaguez habitual o toxicomanía', 'Embriaguez habitual o toxicomanía del trabajador', 'Disciplinaria'),
(18, '160 N°7', 'Abandono del trabajo', 'Abandono del trabajo y el abandono de trabajo por parte del trabajador', 'Disciplinaria'),
(19, '160 N°7', 'Falta de higiene', 'Falta de higiene y seguridad', 'Disciplinaria'),
(20, '161', 'Necesidades de la empresa', 'Por necesidades de la empresa, establecimiento o servicio', 'Objetiva'),
(21, '163 bis', 'Cierre de la empresa', 'Cierre de la empresa', 'Objetiva');

-- Insertar los 585 cargos únicos y pulidos
INSERT OR IGNORE INTO cargos (nombre) VALUES ('ACCOUNTING & REPORTING MANAGER');
INSERT OR IGNORE INTO cargos (nombre) VALUES ('ACOPLADOR');
INSERT OR IGNORE INTO cargos (nombre) VALUES ('ACTIVADOR');
INSERT OR IGNORE INTO cargos (nombre) VALUES ('ADMINISTRACION DE CONTRATOS A');
INSERT OR IGNORE INTO cargos (nombre) VALUES ('ADMINISTRACION DE ELEMENTOS DE IZAJE');
INSERT OR IGNORE INTO cargos (nombre) VALUES ('ADMINISTRACION DE EQUIPOS');
INSERT OR IGNORE INTO cargos (nombre) VALUES ('ADMINISTRACION DE MATERIALES CONSUMIBLE');
INSERT OR IGNORE INTO cargos (nombre) VALUES ('ADMINISTRACION DE SUBCONTRATOS');
INSERT OR IGNORE INTO cargos (nombre) VALUES ('ADMINISTRADOR DE CONTRATOS');
INSERT OR IGNORE INTO cargos (nombre) VALUES ('ADMINISTRADOR DE MATERIALES');
INSERT OR IGNORE INTO cargos (nombre) VALUES ('ADMINISTRADOR DE MATERIALES DE INSTALACION');
INSERT OR IGNORE INTO cargos (nombre) VALUES ('ADMINISTRADOR DE SUBCONTRATOS B');
INSERT OR IGNORE INTO cargos (nombre) VALUES ('ADMINISTRATIVA PRECOM');
INSERT OR IGNORE INTO cargos (nombre) VALUES ('ADMINISTRATIVA RECLUTAMIENTO');
INSERT OR IGNORE INTO cargos (nombre) VALUES ('ADMINISTRATIVO');
INSERT OR IGNORE INTO cargos (nombre) VALUES ('ADMINISTRATIVO CALIDAD');
INSERT OR IGNORE INTO cargos (nombre) VALUES ('ADMINISTRATIVO CONTROL DE PROYECTOROYECTO');
INSERT OR IGNORE INTO cargos (nombre) VALUES ('ADMINISTRATIVO DE ALMACEN');
INSERT OR IGNORE INTO cargos (nombre) VALUES ('ADMINISTRATIVO DE CALIDAD MEDIO AMBIENTE SEGURIDAD SALUD');
INSERT OR IGNORE INTO cargos (nombre) VALUES ('ADMINISTRATIVO DE PLANIFICACION Y CONTROL DE PROYECTOS');
INSERT OR IGNORE INTO cargos (nombre) VALUES ('ADMINISTRATIVO DE RECLUTAMIENTO');
INSERT OR IGNORE INTO cargos (nombre) VALUES ('ADMINISTRATIVO DE RECURSOS HUMANOS');
INSERT OR IGNORE INTO cargos (nombre) VALUES ('ADMINISTRATIVO DE SERVICIOS GENERALES');
INSERT OR IGNORE INTO cargos (nombre) VALUES ('ADMINISTRATIVO PLANIFICACION Y CONTROL DE PROYECTOS');
INSERT OR IGNORE INTO cargos (nombre) VALUES ('ADMINISTRATIVO RECLUTAMIENTO');
INSERT OR IGNORE INTO cargos (nombre) VALUES ('ALARIFE');
INSERT OR IGNORE INTO cargos (nombre) VALUES ('AMBIENTALISTA');
INSERT OR IGNORE INTO cargos (nombre) VALUES ('AMOLADOR');
INSERT OR IGNORE INTO cargos (nombre) VALUES ('AMOLADOR SEGUNDA');
INSERT OR IGNORE INTO cargos (nombre) VALUES ('ANALISTA CONTROL DOCUMENTO');
INSERT OR IGNORE INTO cargos (nombre) VALUES ('ANALISTA DE ADM DE CONTRATOS');
INSERT OR IGNORE INTO cargos (nombre) VALUES ('ANALISTA DE ADM DE CONTRATOS JUNIOR');
INSERT OR IGNORE INTO cargos (nombre) VALUES ('ANALISTA DE ADM DE MATERIALES');
INSERT OR IGNORE INTO cargos (nombre) VALUES ('ANALISTA DE ADMINISTRACION Y FINANZAS');
INSERT OR IGNORE INTO cargos (nombre) VALUES ('ANALISTA DE ADMINISTRACION Y FINANZAS JUNIOR');
INSERT OR IGNORE INTO cargos (nombre) VALUES ('ANALISTA DE CALIDAD MEDIO AMBIENTE SEGURIDAD SALUD');
INSERT OR IGNORE INTO cargos (nombre) VALUES ('ANALISTA DE COMEX');
INSERT OR IGNORE INTO cargos (nombre) VALUES ('ANALISTA DE CONTROL DE COSTOS');
INSERT OR IGNORE INTO cargos (nombre) VALUES ('ANALISTA DE LOGISTICA');
INSERT OR IGNORE INTO cargos (nombre) VALUES ('ANALISTA DE LOGISTICA JUNIOR');
INSERT OR IGNORE INTO cargos (nombre) VALUES ('ANALISTA DE OPERACIONES');
INSERT OR IGNORE INTO cargos (nombre) VALUES ('ANALISTA DE OPERACIONES JUNIOR');
INSERT OR IGNORE INTO cargos (nombre) VALUES ('ANALISTA DE PERMISOS');
INSERT OR IGNORE INTO cargos (nombre) VALUES ('ANALISTA DE PERMISOS JUNIOR');
INSERT OR IGNORE INTO cargos (nombre) VALUES ('ANALISTA DE PLANIFICACION Y CONTROL DE PROYECTOS');
INSERT OR IGNORE INTO cargos (nombre) VALUES ('ANALISTA DE PLANIFICACION Y CONTROL DE PROYECTOS JUNIOR');
INSERT OR IGNORE INTO cargos (nombre) VALUES ('ANALISTA DE RECURSOS HUMANOS');
INSERT OR IGNORE INTO cargos (nombre) VALUES ('ANALISTA DE REL CON LA COMUNIDAD');
INSERT OR IGNORE INTO cargos (nombre) VALUES ('ANALISTA DE SISTEMAS');
INSERT OR IGNORE INTO cargos (nombre) VALUES ('ANDAMIERO');
INSERT OR IGNORE INTO cargos (nombre) VALUES ('APUNTADOR');
INSERT OR IGNORE INTO cargos (nombre) VALUES ('APUNTADOR A');
INSERT OR IGNORE INTO cargos (nombre) VALUES ('APUNTADOR B');
INSERT OR IGNORE INTO cargos (nombre) VALUES ('ARENADOR');
INSERT OR IGNORE INTO cargos (nombre) VALUES ('ARQUEOLOGO');
INSERT OR IGNORE INTO cargos (nombre) VALUES ('ASISTENTE ADMINISTRATIVO');
INSERT OR IGNORE INTO cargos (nombre) VALUES ('ASISTENTE DE RECLUTAMIENTO');
INSERT OR IGNORE INTO cargos (nombre) VALUES ('ASISTENTE DE RECURSOS HUMANOS');
INSERT OR IGNORE INTO cargos (nombre) VALUES ('ASISTENTE DE SERVICIOS GENERALES');
INSERT OR IGNORE INTO cargos (nombre) VALUES ('ASISTENTE RECLUTAMIENTO');
INSERT OR IGNORE INTO cargos (nombre) VALUES ('ASISTENTE TECNICO');
INSERT OR IGNORE INTO cargos (nombre) VALUES ('ASISTENTE TECNICO PIPING');
INSERT OR IGNORE INTO cargos (nombre) VALUES ('AUXILIAR ADMINISTRATIVO BODEGA');
INSERT OR IGNORE INTO cargos (nombre) VALUES ('AUXILIAR DE ASEO');
INSERT OR IGNORE INTO cargos (nombre) VALUES ('AUXILIAR TECNICO');
INSERT OR IGNORE INTO cargos (nombre) VALUES ('AYUDANTE');
INSERT OR IGNORE INTO cargos (nombre) VALUES ('AYUDANTE TECNICO');
INSERT OR IGNORE INTO cargos (nombre) VALUES ('BEHAVIOR BASED SAFETY SPE');
INSERT OR IGNORE INTO cargos (nombre) VALUES ('BEHAVIOR BASED SAFETY SPECIALIST');
INSERT OR IGNORE INTO cargos (nombre) VALUES ('BENDING SUPERVISOR');
INSERT OR IGNORE INTO cargos (nombre) VALUES ('BISELADOR');
INSERT OR IGNORE INTO cargos (nombre) VALUES ('BODEGUERO');
INSERT OR IGNORE INTO cargos (nombre) VALUES ('BUSINESS CONDUCT COMPLIAN');
INSERT OR IGNORE INTO cargos (nombre) VALUES ('CAMP OFFICER');
INSERT OR IGNORE INTO cargos (nombre) VALUES ('CAPATAZ DE BAJADA Y TAPADA');
INSERT OR IGNORE INTO cargos (nombre) VALUES ('CAPATAZ DE CANERIA');
INSERT OR IGNORE INTO cargos (nombre) VALUES ('CAPATAZ DE CANERIA - DUCTO');
INSERT OR IGNORE INTO cargos (nombre) VALUES ('CAPATAZ DE CANISTA');
INSERT OR IGNORE INTO cargos (nombre) VALUES ('CAPATAZ DE CIVIL');
INSERT OR IGNORE INTO cargos (nombre) VALUES ('CAPATAZ DE CIVIL / PINTURA');
INSERT OR IGNORE INTO cargos (nombre) VALUES ('CAPATAZ DE CRUCES ESPECIALES');
INSERT OR IGNORE INTO cargos (nombre) VALUES ('CAPATAZ DE DUCTO');
INSERT OR IGNORE INTO cargos (nombre) VALUES ('CAPATAZ DE ELECTRICIDAD');
INSERT OR IGNORE INTO cargos (nombre) VALUES ('CAPATAZ DE ELECTROMECANICO');
INSERT OR IGNORE INTO cargos (nombre) VALUES ('CAPATAZ DE ENFIERRADURA');
INSERT OR IGNORE INTO cargos (nombre) VALUES ('CAPATAZ DE FIBRA OPTICA');
INSERT OR IGNORE INTO cargos (nombre) VALUES ('CAPATAZ DE MANTENIMIENTO DE DUCTO');
INSERT OR IGNORE INTO cargos (nombre) VALUES ('CAPATAZ DE MECANICO');
INSERT OR IGNORE INTO cargos (nombre) VALUES ('CAPATAZ DE MONTAJE');
INSERT OR IGNORE INTO cargos (nombre) VALUES ('CAPATAZ DE MONTAJE PINTURA');
INSERT OR IGNORE INTO cargos (nombre) VALUES ('CAPATAZ DE MOVIMIENTO DE');
INSERT OR IGNORE INTO cargos (nombre) VALUES ('CAPATAZ DE MOVIMIENTO DE SUELOS');
INSERT OR IGNORE INTO cargos (nombre) VALUES ('CAPATAZ DE OBRAS CIVILES');
INSERT OR IGNORE INTO cargos (nombre) VALUES ('CAPATAZ DE OBRAS ESPECIALES');
INSERT OR IGNORE INTO cargos (nombre) VALUES ('CAPATAZ DE PROYECTOINTURA');
INSERT OR IGNORE INTO cargos (nombre) VALUES ('CAPATAZ DE PROYECTORUEBA HIDRAULICA');
INSERT OR IGNORE INTO cargos (nombre) VALUES ('CAPATAZ DE PROYECTORUEBAS HIDRAULICAS');
INSERT OR IGNORE INTO cargos (nombre) VALUES ('CAPATAZ DE REVESTIMIENTO');
INSERT OR IGNORE INTO cargos (nombre) VALUES ('CAPATAZ DE SOLDADURA');
INSERT OR IGNORE INTO cargos (nombre) VALUES ('CAPATAZ DE SOLDADURA DE DUCTO');
INSERT OR IGNORE INTO cargos (nombre) VALUES ('CAPATAZ DE SOLDADURA DUCTO');
INSERT OR IGNORE INTO cargos (nombre) VALUES ('CERTIFICADOR DE OPERADORES');
INSERT OR IGNORE INTO cargos (nombre) VALUES ('CHOFER CAMION 3/4');
INSERT OR IGNORE INTO cargos (nombre) VALUES ('CHOFER CAMION 3/4 - CHOFER CAMION PLANO');
INSERT OR IGNORE INTO cargos (nombre) VALUES ('CHOFER CAMION 3/4 - CHOFER DE CAMIONETA');
INSERT OR IGNORE INTO cargos (nombre) VALUES ('CHOFER CAMION ALJIBE');
INSERT OR IGNORE INTO cargos (nombre) VALUES ('CHOFER CAMION CAMA BAJA');
INSERT OR IGNORE INTO cargos (nombre) VALUES ('CHOFER CAMION COMBUSTIBLE');
INSERT OR IGNORE INTO cargos (nombre) VALUES ('CHOFER CAMION ESTAFETA');
INSERT OR IGNORE INTO cargos (nombre) VALUES ('CHOFER CAMION LUBRICADOR');
INSERT OR IGNORE INTO cargos (nombre) VALUES ('CHOFER CAMION PLANO');
INSERT OR IGNORE INTO cargos (nombre) VALUES ('CHOFER CAMION PLAYO');
INSERT OR IGNORE INTO cargos (nombre) VALUES ('CHOFER CAMION PLUMA');
INSERT OR IGNORE INTO cargos (nombre) VALUES ('CHOFER CAMION TOLVA');
INSERT OR IGNORE INTO cargos (nombre) VALUES ('CHOFER CAMIONETA');
INSERT OR IGNORE INTO cargos (nombre) VALUES ('CHOFER DE CAMION CAMA BAJA');
INSERT OR IGNORE INTO cargos (nombre) VALUES ('CHOFER DE CAMION RAMPLA');
INSERT OR IGNORE INTO cargos (nombre) VALUES ('CHOFER DE CAMIONETA');
INSERT OR IGNORE INTO cargos (nombre) VALUES ('CHOFER DE COMBUSTIBLE');
INSERT OR IGNORE INTO cargos (nombre) VALUES ('CHOFER PERSONAL');
INSERT OR IGNORE INTO cargos (nombre) VALUES ('CHOFER TRACTOCAMION (PLANO)');
INSERT OR IGNORE INTO cargos (nombre) VALUES ('CHOFER TRACTOCAMION PLUMA');
INSERT OR IGNORE INTO cargos (nombre) VALUES ('CHOFER Y OPERADOR DE HIDR');
INSERT OR IGNORE INTO cargos (nombre) VALUES ('CHOFER Y OPERADOR DE HIDROGRUA');
INSERT OR IGNORE INTO cargos (nombre) VALUES ('CIVIL DESIGN SPECIALIST ENGINEER');
INSERT OR IGNORE INTO cargos (nombre) VALUES ('CIVIL FIELD ENGINEER');
INSERT OR IGNORE INTO cargos (nombre) VALUES ('CIVIL INSPECTOR');
INSERT OR IGNORE INTO cargos (nombre) VALUES ('CIVIL SENIOR INSPECTOR');
INSERT OR IGNORE INTO cargos (nombre) VALUES ('CIVIL SUPERINTENDENT');
INSERT OR IGNORE INTO cargos (nombre) VALUES ('CIVIL SUPERVISOR');
INSERT OR IGNORE INTO cargos (nombre) VALUES ('COATING INSPECTOR');
INSERT OR IGNORE INTO cargos (nombre) VALUES ('COATING SUPERVISOR');
INSERT OR IGNORE INTO cargos (nombre) VALUES ('COATINGS INSPECTION SPECIALIST');
INSERT OR IGNORE INTO cargos (nombre) VALUES ('COATINGS SENIOR INSPECTION');
INSERT OR IGNORE INTO cargos (nombre) VALUES ('COMMISSIONIG & START-UP LEAD ENGINEER');
INSERT OR IGNORE INTO cargos (nombre) VALUES ('COMMISSIONIG & START-UP SENIOR ENGINEER');
INSERT OR IGNORE INTO cargos (nombre) VALUES ('COMMISSIONING & START-UP');
INSERT OR IGNORE INTO cargos (nombre) VALUES ('COMMISSIONING & START-UP ENGINEER');
INSERT OR IGNORE INTO cargos (nombre) VALUES ('COMMISSIONING & START-UP EXPERT');
INSERT OR IGNORE INTO cargos (nombre) VALUES ('COMMISSIONING & START-UP SENIOR ENGINEER');
INSERT OR IGNORE INTO cargos (nombre) VALUES ('COMMISSIONING & START-UP SENIOR MANAGER');
INSERT OR IGNORE INTO cargos (nombre) VALUES ('COMMISSIONING & START-UP SUPERVISOR');
INSERT OR IGNORE INTO cargos (nombre) VALUES ('COMPRADOR');
INSERT OR IGNORE INTO cargos (nombre) VALUES ('CONSTRUCTION COORDINATOR');
INSERT OR IGNORE INTO cargos (nombre) VALUES ('CONSTRUCTION LEADER');
INSERT OR IGNORE INTO cargos (nombre) VALUES ('CONSTRUCTION MANAGER');
INSERT OR IGNORE INTO cargos (nombre) VALUES ('CONTRACTS ADMINISTRATION ANALYST');
INSERT OR IGNORE INTO cargos (nombre) VALUES ('CONTROL DE DOCUMENTOS DE CALIDAD');
INSERT OR IGNORE INTO cargos (nombre) VALUES ('CONTROL DOCUMENTOS DE INGENIERIA');
INSERT OR IGNORE INTO cargos (nombre) VALUES ('CONTRUCTION LEADER');
INSERT OR IGNORE INTO cargos (nombre) VALUES ('COORD DE PERMISOS GUBERNAMENTALES');
INSERT OR IGNORE INTO cargos (nombre) VALUES ('COORD DE RELACIONES CON LA COMUNIDAD');
INSERT OR IGNORE INTO cargos (nombre) VALUES ('COORDINADOR DE CALIDAD MEDIO AMBIENTE SEGURIDAD SALUD');
INSERT OR IGNORE INTO cargos (nombre) VALUES ('COORDINADOR DE CONSTRUCCION');
INSERT OR IGNORE INTO cargos (nombre) VALUES ('COORDINADOR DE MASS DE PROYECTO');
INSERT OR IGNORE INTO cargos (nombre) VALUES ('COORDINADOR DE SEGURIDAD CONDUCTUAL');
INSERT OR IGNORE INTO cargos (nombre) VALUES ('COSTS CONTROL SPECIALIST');
INSERT OR IGNORE INTO cargos (nombre) VALUES ('DEPUTY PROJECT MANAGER');
INSERT OR IGNORE INTO cargos (nombre) VALUES ('DIRECTOR DE PROYECTO');
INSERT OR IGNORE INTO cargos (nombre) VALUES ('DIRECTOR DE PROYECTO ADJUNTO');
INSERT OR IGNORE INTO cargos (nombre) VALUES ('DRILLER');
INSERT OR IGNORE INTO cargos (nombre) VALUES ('ELECTRICAL & INSTRUMENTACION I');
INSERT OR IGNORE INTO cargos (nombre) VALUES ('ELECTRICAL & INSTRUMENTACION INSPECTOR');
INSERT OR IGNORE INTO cargos (nombre) VALUES ('ELECTRICAL & INSTRUMENTACION SUPERINTENDEN');
INSERT OR IGNORE INTO cargos (nombre) VALUES ('ELECTRICAL & INSTRUMENTACION SUPERVISO');
INSERT OR IGNORE INTO cargos (nombre) VALUES ('ELECTRICAL DESIGN ENGINEER');
INSERT OR IGNORE INTO cargos (nombre) VALUES ('ELECTRICAL SUPERVISOR');
INSERT OR IGNORE INTO cargos (nombre) VALUES ('ELECTRICISTA ESPECIALIZADO');
INSERT OR IGNORE INTO cargos (nombre) VALUES ('ELECTROMECANICO');
INSERT OR IGNORE INTO cargos (nombre) VALUES ('ELECTROMECANICO ESPECIALIZADO');
INSERT OR IGNORE INTO cargos (nombre) VALUES ('ELECTROMECH MAINT SERVICES SUPERVISOR');
INSERT OR IGNORE INTO cargos (nombre) VALUES ('ENCARGADO DE ALMACEN');
INSERT OR IGNORE INTO cargos (nombre) VALUES ('ENCARGADO DE AUDITORIA LABORAL');
INSERT OR IGNORE INTO cargos (nombre) VALUES ('ENCARGADO DE BODEGA');
INSERT OR IGNORE INTO cargos (nombre) VALUES ('ENCARGADO DE CALIDAD');
INSERT OR IGNORE INTO cargos (nombre) VALUES ('ENCARGADO DE CAMPAMENTO');
INSERT OR IGNORE INTO cargos (nombre) VALUES ('ENCARGADO DE COMBUSTIBLES');
INSERT OR IGNORE INTO cargos (nombre) VALUES ('ENCARGADO DE LIQUIDACION DE HABERES B');
INSERT OR IGNORE INTO cargos (nombre) VALUES ('ENCARGADO DE RECURSOS HUMANOS');
INSERT OR IGNORE INTO cargos (nombre) VALUES ('ENCARGADO DE SERVICIOS GENERALES');
INSERT OR IGNORE INTO cargos (nombre) VALUES ('ENCARGADO DE SISTEMA');
INSERT OR IGNORE INTO cargos (nombre) VALUES ('ENCARGADO DE TRANSPORTE');
INSERT OR IGNORE INTO cargos (nombre) VALUES ('EQUIPMENT ADMINISTRATOR');
INSERT OR IGNORE INTO cargos (nombre) VALUES ('ESPECIAISTA CABLE CARRIL');
INSERT OR IGNORE INTO cargos (nombre) VALUES ('ESPECIALISTA CABLE CARRIL');
INSERT OR IGNORE INTO cargos (nombre) VALUES ('ESPECIALISTA DE CABLE CARRIL');
INSERT OR IGNORE INTO cargos (nombre) VALUES ('ESPECIALISTA DE PUESTA EN MARCHA');
INSERT OR IGNORE INTO cargos (nombre) VALUES ('ESPECIALISTA EN PLANIFICACION Y CONTROL DE PROYECTOS');
INSERT OR IGNORE INTO cargos (nombre) VALUES ('ESPECIALISTA OPERACIONES');
INSERT OR IGNORE INTO cargos (nombre) VALUES ('ESPECIALISTA PERMISOS');
INSERT OR IGNORE INTO cargos (nombre) VALUES ('EXPEDITOR');
INSERT OR IGNORE INTO cargos (nombre) VALUES ('EXPEDITOR DE MATERIALES');
INSERT OR IGNORE INTO cargos (nombre) VALUES ('FIBER OPTICS SUPERVISOR');
INSERT OR IGNORE INTO cargos (nombre) VALUES ('FOOD SAFETY INSPECTOR');
INSERT OR IGNORE INTO cargos (nombre) VALUES ('GENERAL CIVIL SUPERVISOR');
INSERT OR IGNORE INTO cargos (nombre) VALUES ('GENERAL ELECTROMECHANICAL SUPERVISOR');
INSERT OR IGNORE INTO cargos (nombre) VALUES ('GENERAL INDUSTRIAL SUPERVISOR');
INSERT OR IGNORE INTO cargos (nombre) VALUES ('GENERAL PIPELINE SUPERVISOR');
INSERT OR IGNORE INTO cargos (nombre) VALUES ('GENERAL SERVICES OFFICER');
INSERT OR IGNORE INTO cargos (nombre) VALUES ('GERENTE CONSTRUCCION');
INSERT OR IGNORE INTO cargos (nombre) VALUES ('GERENTE DE ADM DE CONTRATOS DE PROYECTO');
INSERT OR IGNORE INTO cargos (nombre) VALUES ('GERENTE DE ADMINISTRACION Y FINANZAS');
INSERT OR IGNORE INTO cargos (nombre) VALUES ('GERENTE DE CALIDAD DE PROYECTO');
INSERT OR IGNORE INTO cargos (nombre) VALUES ('GERENTE DE CALIDAD PROYECTO');
INSERT OR IGNORE INTO cargos (nombre) VALUES ('GERENTE DE CONSTRUCCION');
INSERT OR IGNORE INTO cargos (nombre) VALUES ('GERENTE DE CONSTRUCDE LINEAS Y SUBEST');
INSERT OR IGNORE INTO cargos (nombre) VALUES ('GERENTE DE GESTION DE RIESGO - CORPORATIVO');
INSERT OR IGNORE INTO cargos (nombre) VALUES ('GERENTE DE INGENIERIA DE PROYECTO');
INSERT OR IGNORE INTO cargos (nombre) VALUES ('GERENTE DE INTERFACE');
INSERT OR IGNORE INTO cargos (nombre) VALUES ('GERENTE DE MASS DE PROYECTO');
INSERT OR IGNORE INTO cargos (nombre) VALUES ('GERENTE DE PERMISOS DE PASO DE PROYECTO');
INSERT OR IGNORE INTO cargos (nombre) VALUES ('GERENTE DE PROYECTO DE DUCTOS C');
INSERT OR IGNORE INTO cargos (nombre) VALUES ('GERENTE DE PROYECTO INDUSTRIAL B');
INSERT OR IGNORE INTO cargos (nombre) VALUES ('GERENTE DE PROYECTO INDUSTRIAL C');
INSERT OR IGNORE INTO cargos (nombre) VALUES ('GERENTE DE SUMIN DE PROYECTO');
INSERT OR IGNORE INTO cargos (nombre) VALUES ('GERENTE OBRAS MARINAS');
INSERT OR IGNORE INTO cargos (nombre) VALUES ('GERENTE PLANIFICACION Y CONTROL DE PROYECTOS');
INSERT OR IGNORE INTO cargos (nombre) VALUES ('GERENTE RECURSOS HUMANOS');
INSERT OR IGNORE INTO cargos (nombre) VALUES ('HIGIENISTA INDUSTRIAL');
INSERT OR IGNORE INTO cargos (nombre) VALUES ('HSE ANALYST');
INSERT OR IGNORE INTO cargos (nombre) VALUES ('HSE LEADER');
INSERT OR IGNORE INTO cargos (nombre) VALUES ('HSE SENIOR TECHNICIAN');
INSERT OR IGNORE INTO cargos (nombre) VALUES ('HSE SPECIALIST');
INSERT OR IGNORE INTO cargos (nombre) VALUES ('HSE TECHNICAL');
INSERT OR IGNORE INTO cargos (nombre) VALUES ('HSE TECHNICIAN');
INSERT OR IGNORE INTO cargos (nombre) VALUES ('HSE TECHNICIAN (TECNICO EN PREVENCION DE RIESGOS)');
INSERT OR IGNORE INTO cargos (nombre) VALUES ('INDUSTRIAL HYGIENIST');
INSERT OR IGNORE INTO cargos (nombre) VALUES ('ING DE CALIDAD');
INSERT OR IGNORE INTO cargos (nombre) VALUES ('ING DE OFICINA TECNICA');
INSERT OR IGNORE INTO cargos (nombre) VALUES ('ING DE PROYECTO DE DUCTO JUNIOR');
INSERT OR IGNORE INTO cargos (nombre) VALUES ('ING DE PROYECTO INDUSTRIAL');
INSERT OR IGNORE INTO cargos (nombre) VALUES ('ING DISENO CIVIL');
INSERT OR IGNORE INTO cargos (nombre) VALUES ('ING DISENO DE EQUIPOS MECANICOS');
INSERT OR IGNORE INTO cargos (nombre) VALUES ('ING DISENO DE PIPING');
INSERT OR IGNORE INTO cargos (nombre) VALUES ('ING DISENO DE PROCESOS');
INSERT OR IGNORE INTO cargos (nombre) VALUES ('ING. DE PROYECTO INDUSTRIAL');
INSERT OR IGNORE INTO cargos (nombre) VALUES ('INGENIERA DE PROYECTO CIVIL JUNIOR');
INSERT OR IGNORE INTO cargos (nombre) VALUES ('INGENIERO CALIDAD SENIOR');
INSERT OR IGNORE INTO cargos (nombre) VALUES ('INGENIERO CONTROL DE CALIDAD SENIOR');
INSERT OR IGNORE INTO cargos (nombre) VALUES ('INGENIERO DE CALIDAD');
INSERT OR IGNORE INTO cargos (nombre) VALUES ('INGENIERO DE CALIDAD JUNIOR');
INSERT OR IGNORE INTO cargos (nombre) VALUES ('INGENIERO DE PROY. INDUSTRIAL');
INSERT OR IGNORE INTO cargos (nombre) VALUES ('INGENIERO DE PUESTA EN MARCHA');
INSERT OR IGNORE INTO cargos (nombre) VALUES ('INGENIERO DISENO DE PIPING');
INSERT OR IGNORE INTO cargos (nombre) VALUES ('INGENIERO GEOTECNIA');
INSERT OR IGNORE INTO cargos (nombre) VALUES ('INGENIERO MANTENCION MAQUINARIA');
INSERT OR IGNORE INTO cargos (nombre) VALUES ('INGENIERO MEDIOAMBIENTAL');
INSERT OR IGNORE INTO cargos (nombre) VALUES ('INGENIERO OFICINA TECNICA');
INSERT OR IGNORE INTO cargos (nombre) VALUES ('INGENIERO PROYECTO INDUSTRIAL');
INSERT OR IGNORE INTO cargos (nombre) VALUES ('INGERIERO EN ALIMENTOS');
INSERT OR IGNORE INTO cargos (nombre) VALUES ('INSPECTOR CONTROL DE ALIMENTOS');
INSERT OR IGNORE INTO cargos (nombre) VALUES ('INSPECTOR DE CALIDAD');
INSERT OR IGNORE INTO cargos (nombre) VALUES ('INSPECTOR DE EQUIPOS');
INSERT OR IGNORE INTO cargos (nombre) VALUES ('INSPECTOR DE OBRA CIVIL');
INSERT OR IGNORE INTO cargos (nombre) VALUES ('INSPECTOR DE OBRA DUCTO');
INSERT OR IGNORE INTO cargos (nombre) VALUES ('INSPECTOR DE OBRA ELEC E INSTRUMENTACION');
INSERT OR IGNORE INTO cargos (nombre) VALUES ('INSPECTOR DE OBRA MECANICA Y PIPING');
INSERT OR IGNORE INTO cargos (nombre) VALUES ('INSPECTOR DE OBRA SOLDADURA Y END');
INSERT OR IGNORE INTO cargos (nombre) VALUES ('INSPECTOR DE PARQUE DE MAQUINAS');
INSERT OR IGNORE INTO cargos (nombre) VALUES ('INSPECTOR MECANICO Y DE TUBERIAS');
INSERT OR IGNORE INTO cargos (nombre) VALUES ('INSPECTOR PIPELINE');
INSERT OR IGNORE INTO cargos (nombre) VALUES ('IT OPERATIONS & INFRAESTRUCTURE LEADER');
INSERT OR IGNORE INTO cargos (nombre) VALUES ('IT SITE ANALYST');
INSERT OR IGNORE INTO cargos (nombre) VALUES ('JEFE ADMINISTRACION Y FINANZAS');
INSERT OR IGNORE INTO cargos (nombre) VALUES ('JEFE DE ADM DE MATERIALES');
INSERT OR IGNORE INTO cargos (nombre) VALUES ('JEFE DE ADMINISTRACION Y FINANZAS DE PROYECTO B');
INSERT OR IGNORE INTO cargos (nombre) VALUES ('JEFE DE ALMACEN B');
INSERT OR IGNORE INTO cargos (nombre) VALUES ('JEFE DE ARQUEOLOGIA');
INSERT OR IGNORE INTO cargos (nombre) VALUES ('JEFE DE BODEGA');
INSERT OR IGNORE INTO cargos (nombre) VALUES ('JEFE DE CALIDAD');
INSERT OR IGNORE INTO cargos (nombre) VALUES ('JEFE DE CALIDAD DE PROYECTO B');
INSERT OR IGNORE INTO cargos (nombre) VALUES ('JEFE DE CALIDAD MEDIO AMBIENTE SEGURIDAD SALUD DE PROYECTO C');
INSERT OR IGNORE INTO cargos (nombre) VALUES ('JEFE DE COMEX DE PROYECTO A');
INSERT OR IGNORE INTO cargos (nombre) VALUES ('JEFE DE COMPRAS DE PROYECTO B');
INSERT OR IGNORE INTO cargos (nombre) VALUES ('JEFE DE COSTOS');
INSERT OR IGNORE INTO cargos (nombre) VALUES ('JEFE DE FASE');
INSERT OR IGNORE INTO cargos (nombre) VALUES ('JEFE DE FASE APERTURA DE PISTA');
INSERT OR IGNORE INTO cargos (nombre) VALUES ('JEFE DE FASE CRUCES ESPECIALES');
INSERT OR IGNORE INTO cargos (nombre) VALUES ('JEFE DE FASE CURVADO');
INSERT OR IGNORE INTO cargos (nombre) VALUES ('JEFE DE FASE DE SOLDADURA');
INSERT OR IGNORE INTO cargos (nombre) VALUES ('JEFE DE FASE DESFILE');
INSERT OR IGNORE INTO cargos (nombre) VALUES ('JEFE DE FASE REVESTIMIENTO');
INSERT OR IGNORE INTO cargos (nombre) VALUES ('JEFE DE FASE SOLDADURA');
INSERT OR IGNORE INTO cargos (nombre) VALUES ('JEFE DE FASE SOLDADURA AUTOMATICA');
INSERT OR IGNORE INTO cargos (nombre) VALUES ('JEFE DE FASE TOPOGRAFIA');
INSERT OR IGNORE INTO cargos (nombre) VALUES ('JEFE DE FASE ZANJA');
INSERT OR IGNORE INTO cargos (nombre) VALUES ('JEFE DE GESTION EQUIPOS A');
INSERT OR IGNORE INTO cargos (nombre) VALUES ('JEFE DE INGENIERIA PROYECTO B');
INSERT OR IGNORE INTO cargos (nombre) VALUES ('JEFE DE LINEA');
INSERT OR IGNORE INTO cargos (nombre) VALUES ('JEFE DE LOGISTICA DE PROYECTO');
INSERT OR IGNORE INTO cargos (nombre) VALUES ('JEFE DE LOGISTICA Y ALMACENES');
INSERT OR IGNORE INTO cargos (nombre) VALUES ('JEFE DE MANTENIMIENTO DE PROYECTO');
INSERT OR IGNORE INTO cargos (nombre) VALUES ('JEFE DE MASS DE PROYECTO');
INSERT OR IGNORE INTO cargos (nombre) VALUES ('JEFE DE MEDIO AMBIENTE');
INSERT OR IGNORE INTO cargos (nombre) VALUES ('JEFE DE OBRA DE DUCTO A');
INSERT OR IGNORE INTO cargos (nombre) VALUES ('JEFE DE OBRA DE DUCTO B');
INSERT OR IGNORE INTO cargos (nombre) VALUES ('JEFE DE OBRA ELECTRICA');
INSERT OR IGNORE INTO cargos (nombre) VALUES ('JEFE DE OBRA ELECTRICA B');
INSERT OR IGNORE INTO cargos (nombre) VALUES ('JEFE DE OBRA INDUSTRIAL B');
INSERT OR IGNORE INTO cargos (nombre) VALUES ('JEFE DE OBRA MARINA');
INSERT OR IGNORE INTO cargos (nombre) VALUES ('JEFE DE OBRA MECANICA');
INSERT OR IGNORE INTO cargos (nombre) VALUES ('JEFE DE OBRA MECANICA B');
INSERT OR IGNORE INTO cargos (nombre) VALUES ('JEFE DE OBRA MECANICA Y MONTAJE');
INSERT OR IGNORE INTO cargos (nombre) VALUES ('JEFE DE OFICINA TECNICA');
INSERT OR IGNORE INTO cargos (nombre) VALUES ('JEFE DE OFICINA TECNICA DE PROYECTO A');
INSERT OR IGNORE INTO cargos (nombre) VALUES ('JEFE DE OPERACIONES');
INSERT OR IGNORE INTO cargos (nombre) VALUES ('JEFE DE PERMISOS');
INSERT OR IGNORE INTO cargos (nombre) VALUES ('JEFE DE PERMISOS DE PASO DE PROYECTO B');
INSERT OR IGNORE INTO cargos (nombre) VALUES ('JEFE DE PLANIFICACION Y CONTROL DE PROYECTOS');
INSERT OR IGNORE INTO cargos (nombre) VALUES ('JEFE DE PLANTA');
INSERT OR IGNORE INTO cargos (nombre) VALUES ('JEFE DE PRECOMISIONADO');
INSERT OR IGNORE INTO cargos (nombre) VALUES ('JEFE DE PRECOMISIONADO Y COMISIONADO DE PROYECTO B');
INSERT OR IGNORE INTO cargos (nombre) VALUES ('JEFE DE PREVENCION DE RIESGOS');
INSERT OR IGNORE INTO cargos (nombre) VALUES ('JEFE DE PRODUCCION');
INSERT OR IGNORE INTO cargos (nombre) VALUES ('JEFE DE RECLUTAMIENTO');
INSERT OR IGNORE INTO cargos (nombre) VALUES ('JEFE DE RECURSOS HUMANOS');
INSERT OR IGNORE INTO cargos (nombre) VALUES ('JEFE DE RECURSOS HUMANOS DE PROYECTO');
INSERT OR IGNORE INTO cargos (nombre) VALUES ('JEFE DE RECURSOS HUMANOS DE PROYECTO C');
INSERT OR IGNORE INTO cargos (nombre) VALUES ('JEFE DE RELACIONES CON LA COMUNIDAD');
INSERT OR IGNORE INTO cargos (nombre) VALUES ('JEFE DE RELACIONES LABORALES');
INSERT OR IGNORE INTO cargos (nombre) VALUES ('JEFE DE RELACIONES LABORALES DE PROYECTO');
INSERT OR IGNORE INTO cargos (nombre) VALUES ('JEFE DE SEGURIDAD');
INSERT OR IGNORE INTO cargos (nombre) VALUES ('JEFE DE SOLDADURA');
INSERT OR IGNORE INTO cargos (nombre) VALUES ('JEFE DE SUMINISTROS');
INSERT OR IGNORE INTO cargos (nombre) VALUES ('JEFE DE SUMINISTROS DE PROYECTO B');
INSERT OR IGNORE INTO cargos (nombre) VALUES ('JEFE DE TOPOGRAFIA');
INSERT OR IGNORE INTO cargos (nombre) VALUES ('JEFE DE TRANSPORTE');
INSERT OR IGNORE INTO cargos (nombre) VALUES ('JEFE DE TURNO');
INSERT OR IGNORE INTO cargos (nombre) VALUES ('JEFE GENERAL DE OBRA');
INSERT OR IGNORE INTO cargos (nombre) VALUES ('JEFE HSE');
INSERT OR IGNORE INTO cargos (nombre) VALUES ('JEFE RECURSOS HUMANOS');
INSERT OR IGNORE INTO cargos (nombre) VALUES ('JEFE SOLDADURA');
INSERT OR IGNORE INTO cargos (nombre) VALUES ('JEFE DE TRAZABILIDAD');
INSERT OR IGNORE INTO cargos (nombre) VALUES ('JORNALERO');
INSERT OR IGNORE INTO cargos (nombre) VALUES ('LEAD CIVIL ENGINEER');
INSERT OR IGNORE INTO cargos (nombre) VALUES ('LEAD COATING INSPECTOR');
INSERT OR IGNORE INTO cargos (nombre) VALUES ('LEAD DOCUMENT CONTROLLER');
INSERT OR IGNORE INTO cargos (nombre) VALUES ('LEAD HSE');
INSERT OR IGNORE INTO cargos (nombre) VALUES ('LEAD MECHANICAL ENGINEER');
INSERT OR IGNORE INTO cargos (nombre) VALUES ('LEAD PIPING ENGINEER');
INSERT OR IGNORE INTO cargos (nombre) VALUES ('LEAD PLANNING ENGINEER');
INSERT OR IGNORE INTO cargos (nombre) VALUES ('LEAD WELDING INSPECTOR');
INSERT OR IGNORE INTO cargos (nombre) VALUES ('LEADER DE FASE DE DESFILE');
INSERT OR IGNORE INTO cargos (nombre) VALUES ('LIDER DE ACTIVACION');
INSERT OR IGNORE INTO cargos (nombre) VALUES ('LIDER DE DISCIPLINA CIVIL');
INSERT OR IGNORE INTO cargos (nombre) VALUES ('LIDER DE DISCIPLINA DE TUBERIAS');
INSERT OR IGNORE INTO cargos (nombre) VALUES ('LIDER DE DISCIPLINA ELECTRICA');
INSERT OR IGNORE INTO cargos (nombre) VALUES ('LIDER DE DISCIPLINA MECANICA');
INSERT OR IGNORE INTO cargos (nombre) VALUES ('LIDER DE DISCIPLINA PROCESOS');
INSERT OR IGNORE INTO cargos (nombre) VALUES ('LIDER DE FASE');
INSERT OR IGNORE INTO cargos (nombre) VALUES ('LIDER DE FASE DE SOLDADURA');
INSERT OR IGNORE INTO cargos (nombre) VALUES ('LIDER DE FASE REVESTIMIENTO');
INSERT OR IGNORE INTO cargos (nombre) VALUES ('LIDER DE INGENIERIA');
INSERT OR IGNORE INTO cargos (nombre) VALUES ('LIDER DE PLANIFICACION Y CONTROL DE PROYECTOS');
INSERT OR IGNORE INTO cargos (nombre) VALUES ('LIDER DE PROYECTO');
INSERT OR IGNORE INTO cargos (nombre) VALUES ('LOWERING SUPERVISOR');
INSERT OR IGNORE INTO cargos (nombre) VALUES ('LUBRICADOR');
INSERT OR IGNORE INTO cargos (nombre) VALUES ('MAESTRO MAYOR CANERIAS');
INSERT OR IGNORE INTO cargos (nombre) VALUES ('MAESTRO MAYOR CANISTA');
INSERT OR IGNORE INTO cargos (nombre) VALUES ('MAESTRO MAYOR DUCTO');
INSERT OR IGNORE INTO cargos (nombre) VALUES ('MAESTRO MAYOR ELECTRICO');
INSERT OR IGNORE INTO cargos (nombre) VALUES ('MAESTRO MAYOR ENFIERRADOR');
INSERT OR IGNORE INTO cargos (nombre) VALUES ('MAESTRO MAYOR INSTRUMENTISTA');
INSERT OR IGNORE INTO cargos (nombre) VALUES ('MAESTRO MAYOR MECANICO');
INSERT OR IGNORE INTO cargos (nombre) VALUES ('MAESTRO MAYOR MONTAJE');
INSERT OR IGNORE INTO cargos (nombre) VALUES ('MAESTRO MAYOR MONTAJE (PINTURA)');
INSERT OR IGNORE INTO cargos (nombre) VALUES ('MAESTRO MAYOR MONTAJE ESTRUCTURA');
INSERT OR IGNORE INTO cargos (nombre) VALUES ('MAESTRO MAYOR MONTAJE PINTURA');
INSERT OR IGNORE INTO cargos (nombre) VALUES ('MAESTRO MAYOR OBRAS CIVILES');
INSERT OR IGNORE INTO cargos (nombre) VALUES ('MAESTRO MAYOR PINTURA IND');
INSERT OR IGNORE INTO cargos (nombre) VALUES ('MAESTRO MAYOR PINTURA INDUSTRIAL');
INSERT OR IGNORE INTO cargos (nombre) VALUES ('MAESTRO MECANICO MANTENCION');
INSERT OR IGNORE INTO cargos (nombre) VALUES ('MAESTRO PRIMERA ALBANILERIA');
INSERT OR IGNORE INTO cargos (nombre) VALUES ('MAESTRO PRIMERA ANDAMIOS');
INSERT OR IGNORE INTO cargos (nombre) VALUES ('MAESTRO PRIMERA ARENADOR');
INSERT OR IGNORE INTO cargos (nombre) VALUES ('MAESTRO PRIMERA CANERIA');
INSERT OR IGNORE INTO cargos (nombre) VALUES ('MAESTRO PRIMERA CANISTA');
INSERT OR IGNORE INTO cargos (nombre) VALUES ('MAESTRO PRIMERA CARPINTERO (PESADO)');
INSERT OR IGNORE INTO cargos (nombre) VALUES ('MAESTRO PRIMERA CIVIL');
INSERT OR IGNORE INTO cargos (nombre) VALUES ('MAESTRO PRIMERA DUCTO');
INSERT OR IGNORE INTO cargos (nombre) VALUES ('MAESTRO PRIMERA ELECTRIC CONEXIONISTA');
INSERT OR IGNORE INTO cargos (nombre) VALUES ('MAESTRO PRIMERA ELECTRICO');
INSERT OR IGNORE INTO cargos (nombre) VALUES ('MAESTRO PRIMERA ELECTRICO MANT E INST DE OBRA');
INSERT OR IGNORE INTO cargos (nombre) VALUES ('MAESTRO PRIMERA ENFIERRADURA');
INSERT OR IGNORE INTO cargos (nombre) VALUES ('MAESTRO PRIMERA FIBRA OPTICA');
INSERT OR IGNORE INTO cargos (nombre) VALUES ('MAESTRO PRIMERA MECANICO');
INSERT OR IGNORE INTO cargos (nombre) VALUES ('MAESTRO PRIMERA MONTAJE');
INSERT OR IGNORE INTO cargos (nombre) VALUES ('MAESTRO PRIMERA MONTAJE (ESTRUCTURA)');
INSERT OR IGNORE INTO cargos (nombre) VALUES ('MAESTRO PRIMERA MONTAJE (PINTOR)');
INSERT OR IGNORE INTO cargos (nombre) VALUES ('MAESTRO PRIMERA MONTAJE ESTRUCTURA');
INSERT OR IGNORE INTO cargos (nombre) VALUES ('MAESTRO PRIMERA MONTAJE MECANICO');
INSERT OR IGNORE INTO cargos (nombre) VALUES ('MAESTRO PRIMERA MONTAJE PINTURA');
INSERT OR IGNORE INTO cargos (nombre) VALUES ('MAESTRO PRIMERA OBRAS CIVILES');
INSERT OR IGNORE INTO cargos (nombre) VALUES ('MAESTRO PRIMERA OOCC (ENFIERRADOR)');
INSERT OR IGNORE INTO cargos (nombre) VALUES ('MAESTRO REVESTIDOR');
INSERT OR IGNORE INTO cargos (nombre) VALUES ('MAESTRO REVESTIDOR MIXTO');
INSERT OR IGNORE INTO cargos (nombre) VALUES ('MAESTRO SEGUNDA ALBANILERIA');
INSERT OR IGNORE INTO cargos (nombre) VALUES ('MAESTRO SEGUNDA CANISTA');
INSERT OR IGNORE INTO cargos (nombre) VALUES ('MAESTRO SEGUNDA CIVIL');
INSERT OR IGNORE INTO cargos (nombre) VALUES ('MAESTRO SEGUNDA DUCTO');
INSERT OR IGNORE INTO cargos (nombre) VALUES ('MAESTRO SEGUNDA ELECTRICISTA');
INSERT OR IGNORE INTO cargos (nombre) VALUES ('MAESTRO SEGUNDA MONTAJE');
INSERT OR IGNORE INTO cargos (nombre) VALUES ('MAESTRO SEGUNDA MONTAJE E');
INSERT OR IGNORE INTO cargos (nombre) VALUES ('MAESTRO SEGUNDA OBRAS CIVILES');
INSERT OR IGNORE INTO cargos (nombre) VALUES ('MATERIALS ADMINISTRATION ANALYST');
INSERT OR IGNORE INTO cargos (nombre) VALUES ('MECANICO');
INSERT OR IGNORE INTO cargos (nombre) VALUES ('MECANICO A');
INSERT OR IGNORE INTO cargos (nombre) VALUES ('MECANICO APARATOS DE IZAJE');
INSERT OR IGNORE INTO cargos (nombre) VALUES ('MECANICO B');
INSERT OR IGNORE INTO cargos (nombre) VALUES ('MECANICO DE EQUIPOS');
INSERT OR IGNORE INTO cargos (nombre) VALUES ('MECANICO DE MANTENIMIENTO');
INSERT OR IGNORE INTO cargos (nombre) VALUES ('MECANICO DE MAQUINARIA PESADA');
INSERT OR IGNORE INTO cargos (nombre) VALUES ('MECANICO DE MAQUINARIAS');
INSERT OR IGNORE INTO cargos (nombre) VALUES ('MECANICO DE PRIMERA');
INSERT OR IGNORE INTO cargos (nombre) VALUES ('MECANICO DE SEGUNDA');
INSERT OR IGNORE INTO cargos (nombre) VALUES ('MECANICO EQUIPOS PESADOS');
INSERT OR IGNORE INTO cargos (nombre) VALUES ('MECANICO HIDRAULICO');
INSERT OR IGNORE INTO cargos (nombre) VALUES ('MECANICO LUBRICADOR');
INSERT OR IGNORE INTO cargos (nombre) VALUES ('MECANICO MAQUINARIA PESADA');
INSERT OR IGNORE INTO cargos (nombre) VALUES ('MECANICO MONTADOR');
INSERT OR IGNORE INTO cargos (nombre) VALUES ('MECANICO OPERADOR');
INSERT OR IGNORE INTO cargos (nombre) VALUES ('MECANICO SOLDADOR');
INSERT OR IGNORE INTO cargos (nombre) VALUES ('MECHANICAL & PIPING SUPERINTENDENT');
INSERT OR IGNORE INTO cargos (nombre) VALUES ('MECHANICAL AND PIPING SUP');
INSERT OR IGNORE INTO cargos (nombre) VALUES ('MECHANICAL DESIGN ENGINEER');
INSERT OR IGNORE INTO cargos (nombre) VALUES ('MECHANICAL FIELD ENGINEER');
INSERT OR IGNORE INTO cargos (nombre) VALUES ('MECHANICAL INSPECTOR');
INSERT OR IGNORE INTO cargos (nombre) VALUES ('MECHANICAL SUPERVISOR');
INSERT OR IGNORE INTO cargos (nombre) VALUES ('MEDICO');
INSERT OR IGNORE INTO cargos (nombre) VALUES ('MONTADOR');
INSERT OR IGNORE INTO cargos (nombre) VALUES ('MONTADOR MECANICO');
INSERT OR IGNORE INTO cargos (nombre) VALUES ('MONTADOR TUVERO');
INSERT OR IGNORE INTO cargos (nombre) VALUES ('MOTORMAN');
INSERT OR IGNORE INTO cargos (nombre) VALUES ('MOVILIZADOR');
INSERT OR IGNORE INTO cargos (nombre) VALUES ('MUESTRERO');
INSERT OR IGNORE INTO cargos (nombre) VALUES ('NEUMATOLOGO');
INSERT OR IGNORE INTO cargos (nombre) VALUES ('NURSE');
INSERT OR IGNORE INTO cargos (nombre) VALUES ('NUTRICIONISTA');
INSERT OR IGNORE INTO cargos (nombre) VALUES ('OBRERO');
INSERT OR IGNORE INTO cargos (nombre) VALUES ('OBRERO ESPECIALIZADO');
INSERT OR IGNORE INTO cargos (nombre) VALUES ('OFICIAL');
INSERT OR IGNORE INTO cargos (nombre) VALUES ('OFICIAL DE ANDAMIOS');
INSERT OR IGNORE INTO cargos (nombre) VALUES ('OFICIAL DE OBRAS CIVILES');
INSERT OR IGNORE INTO cargos (nombre) VALUES ('OPERADOR');
INSERT OR IGNORE INTO cargos (nombre) VALUES ('OPERADOR DE BENDING');
INSERT OR IGNORE INTO cargos (nombre) VALUES ('OPERADOR DE CAMION GRUA');
INSERT OR IGNORE INTO cargos (nombre) VALUES ('OPERADOR DE CAMION PLUMA');
INSERT OR IGNORE INTO cargos (nombre) VALUES ('OPERADOR DE DOZER');
INSERT OR IGNORE INTO cargos (nombre) VALUES ('OPERADOR DE EQUIPO');
INSERT OR IGNORE INTO cargos (nombre) VALUES ('OPERADOR DE EQUIPO AUTOMATICO DE SOLDADURA');
INSERT OR IGNORE INTO cargos (nombre) VALUES ('OPERADOR DE EQUIPO DE PINTURA');
INSERT OR IGNORE INTO cargos (nombre) VALUES ('OPERADOR DE EQUIPO MENOR');
INSERT OR IGNORE INTO cargos (nombre) VALUES ('OPERADOR DE EQUIPO MOVIL');
INSERT OR IGNORE INTO cargos (nombre) VALUES ('OPERADOR DE EQUIPO PESADO');
INSERT OR IGNORE INTO cargos (nombre) VALUES ('OPERADOR DE EQUIPOS');
INSERT OR IGNORE INTO cargos (nombre) VALUES ('OPERADOR DE EXCAVADORA');
INSERT OR IGNORE INTO cargos (nombre) VALUES ('OPERADOR DE GRUA');
INSERT OR IGNORE INTO cargos (nombre) VALUES ('OPERADOR DE GRUA HORQUILLA');
INSERT OR IGNORE INTO cargos (nombre) VALUES ('OPERADOR DE HIDRO-GRUA');
INSERT OR IGNORE INTO cargos (nombre) VALUES ('OPERADOR DE MANIPULADOR TELESCOPICO');
INSERT OR IGNORE INTO cargos (nombre) VALUES ('OPERADOR DE MOTONIVELADORA');
INSERT OR IGNORE INTO cargos (nombre) VALUES ('OPERADOR DE PAYWELDER');
INSERT OR IGNORE INTO cargos (nombre) VALUES ('OPERADOR DE PERFORADORA');
INSERT OR IGNORE INTO cargos (nombre) VALUES ('OPERADOR DE PIPELAYER');
INSERT OR IGNORE INTO cargos (nombre) VALUES ('OPERADOR DE PLASMA');
INSERT OR IGNORE INTO cargos (nombre) VALUES ('OPERADOR DE PUENTE GRUA');
INSERT OR IGNORE INTO cargos (nombre) VALUES ('OPERADOR DE RETROEXCAVADORA');
INSERT OR IGNORE INTO cargos (nombre) VALUES ('OPERADOR DE RODILLO');
INSERT OR IGNORE INTO cargos (nombre) VALUES ('OPERADOR DE SAND BLAST');
INSERT OR IGNORE INTO cargos (nombre) VALUES ('OPERADOR DE TRACTO CAMION');
INSERT OR IGNORE INTO cargos (nombre) VALUES ('OPERADOR DE TRACTOR');
INSERT OR IGNORE INTO cargos (nombre) VALUES ('OPERADOR DE TRACTORISTA');
INSERT OR IGNORE INTO cargos (nombre) VALUES ('OPERADOR DE ZANJADORA');
INSERT OR IGNORE INTO cargos (nombre) VALUES ('OPERADOR ESPECIALIZADO');
INSERT OR IGNORE INTO cargos (nombre) VALUES ('OPERADOR DE MANLIFT');
INSERT OR IGNORE INTO cargos (nombre) VALUES ('OPERADOR PAYWELDER');
INSERT OR IGNORE INTO cargos (nombre) VALUES ('OPERADOR TIENDETUBOS');
INSERT OR IGNORE INTO cargos (nombre) VALUES ('OPERADOR TRACTOR');
INSERT OR IGNORE INTO cargos (nombre) VALUES ('OPERADOR ZANJADORA');
INSERT OR IGNORE INTO cargos (nombre) VALUES ('OPERARIO');
INSERT OR IGNORE INTO cargos (nombre) VALUES ('PADDLER');
INSERT OR IGNORE INTO cargos (nombre) VALUES ('PARAMEDICO');
INSERT OR IGNORE INTO cargos (nombre) VALUES ('PERMITS ANALYST');
INSERT OR IGNORE INTO cargos (nombre) VALUES ('PINTOR');
INSERT OR IGNORE INTO cargos (nombre) VALUES ('PINTOR DE PRIMERA');
INSERT OR IGNORE INTO cargos (nombre) VALUES ('PIPELINE FIELD ENGINEER');
INSERT OR IGNORE INTO cargos (nombre) VALUES ('PIPELINE SUPERINTENDENT');
INSERT OR IGNORE INTO cargos (nombre) VALUES ('PIPING DESIGN ENGINEER');
INSERT OR IGNORE INTO cargos (nombre) VALUES ('PIPING SUPERINTENDENT');
INSERT OR IGNORE INTO cargos (nombre) VALUES ('PLANIFICADOR');
INSERT OR IGNORE INTO cargos (nombre) VALUES ('PLANNER');
INSERT OR IGNORE INTO cargos (nombre) VALUES ('PREVENCIONISTA');
INSERT OR IGNORE INTO cargos (nombre) VALUES ('PREVENCIONISTA DE RIESGOS');
INSERT OR IGNORE INTO cargos (nombre) VALUES ('PROCESS DESIGN ENGINEER');
INSERT OR IGNORE INTO cargos (nombre) VALUES ('PROFESIONAL DE TERRENO');
INSERT OR IGNORE INTO cargos (nombre) VALUES ('PROJECT CONTROL ANALYST');
INSERT OR IGNORE INTO cargos (nombre) VALUES ('PROJECT CONTROL MANAGER');
INSERT OR IGNORE INTO cargos (nombre) VALUES ('PROJECT ENGINEER');
INSERT OR IGNORE INTO cargos (nombre) VALUES ('PROJECT ENGINEERING COORDINATOR');
INSERT OR IGNORE INTO cargos (nombre) VALUES ('PROJECT ENGINEERING MANAGER');
INSERT OR IGNORE INTO cargos (nombre) VALUES ('PROJECT MANAGER');
INSERT OR IGNORE INTO cargos (nombre) VALUES ('PROJECT SCHEDULING COORDINATOR');
INSERT OR IGNORE INTO cargos (nombre) VALUES ('PROTECTION & CONTROL SPEC');
INSERT OR IGNORE INTO cargos (nombre) VALUES ('PSY');
INSERT OR IGNORE INTO cargos (nombre) VALUES ('QA/QC CIVIL INSPECTOR');
INSERT OR IGNORE INTO cargos (nombre) VALUES ('QA/QC COATINGS INSPECTOR');
INSERT OR IGNORE INTO cargos (nombre) VALUES ('QA/QC COORDINATOR');
INSERT OR IGNORE INTO cargos (nombre) VALUES ('QA/QC ELECTRICAL INSPECTOR');
INSERT OR IGNORE INTO cargos (nombre) VALUES ('QA/QC ENGINEER');
INSERT OR IGNORE INTO cargos (nombre) VALUES ('QA/QC MANAGER');
INSERT OR IGNORE INTO cargos (nombre) VALUES ('QA/QC MECHANICAL INSPECTOR');
INSERT OR IGNORE INTO cargos (nombre) VALUES ('QA/QC PIPELINE INSPECTOR');
INSERT OR IGNORE INTO cargos (nombre) VALUES ('QA/QC WELDING INSPECTOR');
INSERT OR IGNORE INTO cargos (nombre) VALUES ('QUALITY ANALYST');
INSERT OR IGNORE INTO cargos (nombre) VALUES ('QUALITY ENGINEER');
INSERT OR IGNORE INTO cargos (nombre) VALUES ('QUALITY LEADER');
INSERT OR IGNORE INTO cargos (nombre) VALUES ('QUALITY MANAGER');
INSERT OR IGNORE INTO cargos (nombre) VALUES ('RADIOLOGO');
INSERT OR IGNORE INTO cargos (nombre) VALUES ('RASTRILLERO');
INSERT OR IGNORE INTO cargos (nombre) VALUES ('RELACIONADOR COMUNITARIO');
INSERT OR IGNORE INTO cargos (nombre) VALUES ('RESPONSABLE DE ACTIVACION');
INSERT OR IGNORE INTO cargos (nombre) VALUES ('RESPONSABLE DE DISCIPLINA CIVIL');
INSERT OR IGNORE INTO cargos (nombre) VALUES ('RESPONSABLE DE DISCIPLINA DE TUBERIAS');
INSERT OR IGNORE INTO cargos (nombre) VALUES ('RESPONSABLE DE DISCIPLINA ELECTRICA');
INSERT OR IGNORE INTO cargos (nombre) VALUES ('RESPONSABLE DE DISCIPLINA MECANICA');
INSERT OR IGNORE INTO cargos (nombre) VALUES ('RESPONSABLE DE DISCIPLINA PROCESOS');
INSERT OR IGNORE INTO cargos (nombre) VALUES ('RESPONSABLE DE INGENIERIA');
INSERT OR IGNORE INTO cargos (nombre) VALUES ('RESPONSABLE DE PLANIFICACION Y CONTROL DE PROYECTOS');
INSERT OR IGNORE INTO cargos (nombre) VALUES ('RESPONSABLE DE PROYECTO');
INSERT OR IGNORE INTO cargos (nombre) VALUES ('RESPONSABLE DE PUESTA EN MARCHA');
INSERT OR IGNORE INTO cargos (nombre) VALUES ('REVESTIDOR');
INSERT OR IGNORE INTO cargos (nombre) VALUES ('RIGGER');
INSERT OR IGNORE INTO cargos (nombre) VALUES ('RIGGER DE ALTA');
INSERT OR IGNORE INTO cargos (nombre) VALUES ('ROW SUPERVISOR');
INSERT OR IGNORE INTO cargos (nombre) VALUES ('SALUD OCUPACIONAL');
INSERT OR IGNORE INTO cargos (nombre) VALUES ('SCHEDULING');
INSERT OR IGNORE INTO cargos (nombre) VALUES ('SECRETARIA');
INSERT OR IGNORE INTO cargos (nombre) VALUES ('SECRETARIA ADMINISTRATIVA');
INSERT OR IGNORE INTO cargos (nombre) VALUES ('SECRETARIA DE GERENCIA');
INSERT OR IGNORE INTO cargos (nombre) VALUES ('SECRETARIA EJECUTIVA');
INSERT OR IGNORE INTO cargos (nombre) VALUES ('SECRETARIA RECEPCIONISTA');
INSERT OR IGNORE INTO cargos (nombre) VALUES ('SEMI-AUTOMATIC WELDING MACHINE OPERATOR');
INSERT OR IGNORE INTO cargos (nombre) VALUES ('SENALERO');
INSERT OR IGNORE INTO cargos (nombre) VALUES ('SENIOR CIVIL ENGINEER');
INSERT OR IGNORE INTO cargos (nombre) VALUES ('SENIOR COMMISSIONING & START-UP ENGINEER');
INSERT OR IGNORE INTO cargos (nombre) VALUES ('SENIOR CONSTRUCTION ENGINEER');
INSERT OR IGNORE INTO cargos (nombre) VALUES ('SENIOR ELECTRICAL ENGINEER');
INSERT OR IGNORE INTO cargos (nombre) VALUES ('SENIOR ENVIRONMENTAL ENGINEER');
INSERT OR IGNORE INTO cargos (nombre) VALUES ('SENIOR HSE ENGINEER');
INSERT OR IGNORE INTO cargos (nombre) VALUES ('SENIOR MECHANICAL ENGINEER');
INSERT OR IGNORE INTO cargos (nombre) VALUES ('SENIOR PIPING ENGINEER');
INSERT OR IGNORE INTO cargos (nombre) VALUES ('SENIOR PLANNING ENGINEER');
INSERT OR IGNORE INTO cargos (nombre) VALUES ('SENIOR PROCESS ENGINEER');
INSERT OR IGNORE INTO cargos (nombre) VALUES ('SENIOR QA/QC ENGINEER');
INSERT OR IGNORE INTO cargos (nombre) VALUES ('SITE IT ANALYST');
INSERT OR IGNORE INTO cargos (nombre) VALUES ('SITE MANAGER');
INSERT OR IGNORE INTO cargos (nombre) VALUES ('SITE OFFICE PROJECT DESIGNER');
INSERT OR IGNORE INTO cargos (nombre) VALUES ('SOLDADOR API');
INSERT OR IGNORE INTO cargos (nombre) VALUES ('SOLDADOR API EN CALIFICACION');
INSERT OR IGNORE INTO cargos (nombre) VALUES ('SOLDADOR DE PROYECTOLANCHA');
INSERT OR IGNORE INTO cargos (nombre) VALUES ('SOLDADOR ESPECIALIZADO');
INSERT OR IGNORE INTO cargos (nombre) VALUES ('SOLDADOR OPERADOR DE EQUIPO AUTOMATICO');
INSERT OR IGNORE INTO cargos (nombre) VALUES ('SOLDADOR PLANCHA');
INSERT OR IGNORE INTO cargos (nombre) VALUES ('SOLDADOR SEMIAUTOMATICA');
INSERT OR IGNORE INTO cargos (nombre) VALUES ('SOLDADOR TERMOFUSION');
INSERT OR IGNORE INTO cargos (nombre) VALUES ('SOLDADOR TIG');
INSERT OR IGNORE INTO cargos (nombre) VALUES ('SOLDADOR TIG EN CALIFICACION');
INSERT OR IGNORE INTO cargos (nombre) VALUES ('SPECIAL CROSSINGS SUPERVISOR');
INSERT OR IGNORE INTO cargos (nombre) VALUES ('SUB JEFE DE PRECOM Y COMISIONADO DE PROYECTO A');
INSERT OR IGNORE INTO cargos (nombre) VALUES ('SUPERINTENDENTE');
INSERT OR IGNORE INTO cargos (nombre) VALUES ('SUPERINTENDENTE DE CALIDAD');
INSERT OR IGNORE INTO cargos (nombre) VALUES ('SUPERINTENDENTE DE CONSTRUCCION');
INSERT OR IGNORE INTO cargos (nombre) VALUES ('SUPERINTENDENTE DE DUCTOS');
INSERT OR IGNORE INTO cargos (nombre) VALUES ('SUPERINTENDENTE DE OBRA');
INSERT OR IGNORE INTO cargos (nombre) VALUES ('SUPERINTENDENTE DE OBRA CIVIL');
INSERT OR IGNORE INTO cargos (nombre) VALUES ('SUPERINTENDENTE DE OBRA ELECTRICA');
INSERT OR IGNORE INTO cargos (nombre) VALUES ('SUPERINTENDENTE DE OBRA MECANICA');
INSERT OR IGNORE INTO cargos (nombre) VALUES ('SUPERINTENDENTE DE OBRA Y MONTAJE');
INSERT OR IGNORE INTO cargos (nombre) VALUES ('SUPERINTENDENTE DE OPERACIONES');
INSERT OR IGNORE INTO cargos (nombre) VALUES ('SUPERINTENDENTE DE PLANTA');
INSERT OR IGNORE INTO cargos (nombre) VALUES ('SUPERINTENDENTE DE SOLDADURA');
INSERT OR IGNORE INTO cargos (nombre) VALUES ('SUPERINTENDENTE DE TOPOGRAFIA');
INSERT OR IGNORE INTO cargos (nombre) VALUES ('SUPERINTENDENTE ELECTRICO');
INSERT OR IGNORE INTO cargos (nombre) VALUES ('SUPERINTENDENTE MECANICO');
INSERT OR IGNORE INTO cargos (nombre) VALUES ('SUPERINTENDENTE MONTAJE');
INSERT OR IGNORE INTO cargos (nombre) VALUES ('SUPERINTENDENTE PUESTA EN MARCHA');
INSERT OR IGNORE INTO cargos (nombre) VALUES ('SUPERVISOR');
INSERT OR IGNORE INTO cargos (nombre) VALUES ('SUPERVISOR ANDAMIOS');
INSERT OR IGNORE INTO cargos (nombre) VALUES ('SUPERVISOR CIVIL');
INSERT OR IGNORE INTO cargos (nombre) VALUES ('SUPERVISOR DE ADQUISICIONES');
INSERT OR IGNORE INTO cargos (nombre) VALUES ('SUPERVISOR DE ALMACEN');
INSERT OR IGNORE INTO cargos (nombre) VALUES ('SUPERVISOR DE ANDAMIOS');
INSERT OR IGNORE INTO cargos (nombre) VALUES ('SUPERVISOR DE ASEGURAMIENTO DE CALIDAD');
INSERT OR IGNORE INTO cargos (nombre) VALUES ('SUPERVISOR DE BODEGA');
INSERT OR IGNORE INTO cargos (nombre) VALUES ('SUPERVISOR DE CALIDAD');
INSERT OR IGNORE INTO cargos (nombre) VALUES ('SUPERVISOR DE CALIDAD CIVIL');
INSERT OR IGNORE INTO cargos (nombre) VALUES ('SUPERVISOR DE CALIDAD DE SOLDADURA');
INSERT OR IGNORE INTO cargos (nombre) VALUES ('SUPERVISOR DE CALIDAD ELECTRICO');
INSERT OR IGNORE INTO cargos (nombre) VALUES ('SUPERVISOR DE CALIDAD MECANICO');
INSERT OR IGNORE INTO cargos (nombre) VALUES ('SUPERVISOR DE CALIDAD PIPING');
INSERT OR IGNORE INTO cargos (nombre) VALUES ('SUPERVISOR DE CALIDAD REVESTIMIENTO');
INSERT OR IGNORE INTO cargos (nombre) VALUES ('SUPERVISOR DE CAMPO');
INSERT OR IGNORE INTO cargos (nombre) VALUES ('SUPERVISOR DE CANERIA');
INSERT OR IGNORE INTO cargos (nombre) VALUES ('SUPERVISOR DE CARPINTERIA');
INSERT OR IGNORE INTO cargos (nombre) VALUES ('SUPERVISOR DE COMEDOR');
INSERT OR IGNORE INTO cargos (nombre) VALUES ('SUPERVISOR DE COMPRAS');
INSERT OR IGNORE INTO cargos (nombre) VALUES ('SUPERVISOR DE CONTROL DE CALIDAD');
INSERT OR IGNORE INTO cargos (nombre) VALUES ('SUPERVISOR DE DOBLADO');
INSERT OR IGNORE INTO cargos (nombre) VALUES ('SUPERVISOR DE EDIFICACIONES');
INSERT OR IGNORE INTO cargos (nombre) VALUES ('SUPERVISOR DE ENFIERRADURA');
INSERT OR IGNORE INTO cargos (nombre) VALUES ('SUPERVISOR DE EQUIPO');
INSERT OR IGNORE INTO cargos (nombre) VALUES ('SUPERVISOR DE ESTRUCTURAS');
INSERT OR IGNORE INTO cargos (nombre) VALUES ('SUPERVISOR DE FIBRA OPTICA');
INSERT OR IGNORE INTO cargos (nombre) VALUES ('SUPERVISOR DE FUNDACIONES');
INSERT OR IGNORE INTO cargos (nombre) VALUES ('SUPERVISOR DE GRUAS');
INSERT OR IGNORE INTO cargos (nombre) VALUES ('SUPERVISOR DE INSTRUMENTACION');
INSERT OR IGNORE INTO cargos (nombre) VALUES ('SUPERVISOR DE IZAJE');
INSERT OR IGNORE INTO cargos (nombre) VALUES ('SUPERVISOR DE LOGISTICA');
INSERT OR IGNORE INTO cargos (nombre) VALUES ('SUPERVISOR DE MANTENIMIENTO');
INSERT OR IGNORE INTO cargos (nombre) VALUES ('SUPERVISOR DE MAQUINARIA');
INSERT OR IGNORE INTO cargos (nombre) VALUES ('SUPERVISOR DE MEDIO AMBIENTE');
INSERT OR IGNORE INTO cargos (nombre) VALUES ('SUPERVISOR DE MONTAJE');
INSERT OR IGNORE INTO cargos (nombre) VALUES ('SUPERVISOR DE MOVIMIENTO DE TIERRAS');
INSERT OR IGNORE INTO cargos (nombre) VALUES ('SUPERVISOR DE OBRA');
INSERT OR IGNORE INTO cargos (nombre) VALUES ('SUPERVISOR DE OBRA CIVIL');
INSERT OR IGNORE INTO cargos (nombre) VALUES ('SUPERVISOR DE OBRA ELECTRICA');
INSERT OR IGNORE INTO cargos (nombre) VALUES ('SUPERVISOR DE OBRA MECANICA');
INSERT OR IGNORE INTO cargos (nombre) VALUES ('SUPERVISOR DE OBRAS CIVILES');
INSERT OR IGNORE INTO cargos (nombre) VALUES ('SUPERVISOR DE OPERACIONES');
INSERT OR IGNORE INTO cargos (nombre) VALUES ('SUPERVISOR DE PERFORACION');
INSERT OR IGNORE INTO cargos (nombre) VALUES ('SUPERVISOR DE PINTURA');
INSERT OR IGNORE INTO cargos (nombre) VALUES ('SUPERVISOR DE PIPING');
INSERT OR IGNORE INTO cargos (nombre) VALUES ('SUPERVISOR DE PRECOMISIONADO');
INSERT OR IGNORE INTO cargos (nombre) VALUES ('SUPERVISOR DE PREVENCION DE RIESGOS');
INSERT OR IGNORE INTO cargos (nombre) VALUES ('SUPERVISOR DE PRODUCCION');
INSERT OR IGNORE INTO cargos (nombre) VALUES ('SUPERVISOR DE RECURSOS HUMANOS');
INSERT OR IGNORE INTO cargos (nombre) VALUES ('SUPERVISOR DE REVESTIMIENTO');
INSERT OR IGNORE INTO cargos (nombre) VALUES ('SUPERVISOR DE RIESGOS');
INSERT OR IGNORE INTO cargos (nombre) VALUES ('SUPERVISOR DE SALUD OCUPACIONAL');
INSERT OR IGNORE INTO cargos (nombre) VALUES ('SUPERVISOR DE SEGURIDAD');
INSERT OR IGNORE INTO cargos (nombre) VALUES ('SUPERVISOR DE SEGURIDAD Y SALUD EN EL TRABAJO');
INSERT OR IGNORE INTO cargos (nombre) VALUES ('SUPERVISOR DE SERVICIOS GENERALES');
INSERT OR IGNORE INTO cargos (nombre) VALUES ('SUPERVISOR DE SOLDADURA');
INSERT OR IGNORE INTO cargos (nombre) VALUES ('SUPERVISOR DE SOLDADURA AUTOMATICA');
INSERT OR IGNORE INTO cargos (nombre) VALUES ('SUPERVISOR DE TALLER');
INSERT OR IGNORE INTO cargos (nombre) VALUES ('SUPERVISOR DE TERRENO');
INSERT OR IGNORE INTO cargos (nombre) VALUES ('SUPERVISOR DE TOPOGRAFIA');
INSERT OR IGNORE INTO cargos (nombre) VALUES ('SUPERVISOR DE TRANSPORTE');
INSERT OR IGNORE INTO cargos (nombre) VALUES ('SUPERVISOR DE TRAZA');
INSERT OR IGNORE INTO cargos (nombre) VALUES ('SUPERVISOR DE TUBERIA');
INSERT OR IGNORE INTO cargos (nombre) VALUES ('SUPERVISOR DE ZANJA');
INSERT OR IGNORE INTO cargos (nombre) VALUES ('SUPERVISOR DE DUCTO');
INSERT OR IGNORE INTO cargos (nombre) VALUES ('SUPERVISOR EHS');
INSERT OR IGNORE INTO cargos (nombre) VALUES ('SUPERVISOR DE ELECTRICIDAD');
INSERT OR IGNORE INTO cargos (nombre) VALUES ('SUPERVISOR ELECTROMECANICO');
INSERT OR IGNORE INTO cargos (nombre) VALUES ('SUPERVISOR HSE');
INSERT OR IGNORE INTO cargos (nombre) VALUES ('SUPERVISOR INSTRUMENTACION');
INSERT OR IGNORE INTO cargos (nombre) VALUES ('SUPERVISOR MECANICO');
INSERT OR IGNORE INTO cargos (nombre) VALUES ('SUPERVISOR MEDIO AMBIENTE');
INSERT OR IGNORE INTO cargos (nombre) VALUES ('SUPERVISOR MONTAJE');
INSERT OR IGNORE INTO cargos (nombre) VALUES ('SUPERVISOR PINTURA');
INSERT OR IGNORE INTO cargos (nombre) VALUES ('SUPERVISOR PREVENCION DE RIESGOS');
INSERT OR IGNORE INTO cargos (nombre) VALUES ('SUPERVISOR QA/QC');
INSERT OR IGNORE INTO cargos (nombre) VALUES ('SUPERVISOR RECURSOS HUMANOS');
INSERT OR IGNORE INTO cargos (nombre) VALUES ('SUPERVISOR REVESTIMIENTO');
INSERT OR IGNORE INTO cargos (nombre) VALUES ('SUPERVISOR SALUD OCUPACIONAL');
INSERT OR IGNORE INTO cargos (nombre) VALUES ('SUPERVISOR SEGURIDAD');
INSERT OR IGNORE INTO cargos (nombre) VALUES ('SUPERVISOR SOLDADURA');
INSERT OR IGNORE INTO cargos (nombre) VALUES ('SUPERVISOR SSOMA');
INSERT OR IGNORE INTO cargos (nombre) VALUES ('SUPERVISOR TOPOGRAFIA');
INSERT OR IGNORE INTO cargos (nombre) VALUES ('SURVEY SUPERINTENDENT');
INSERT OR IGNORE INTO cargos (nombre) VALUES ('SURVEY SUPERVISOR');
INSERT OR IGNORE INTO cargos (nombre) VALUES ('SURVEYOR');
INSERT OR IGNORE INTO cargos (nombre) VALUES ('TECNICO DE CALIDAD');
INSERT OR IGNORE INTO cargos (nombre) VALUES ('TECNICO DE SOLDADURA AUTOMATICA');
INSERT OR IGNORE INTO cargos (nombre) VALUES ('TECNICO ELECTRICISTA ESPECIALIZADO');
INSERT OR IGNORE INTO cargos (nombre) VALUES ('TECNICO EN CALIDAD');
INSERT OR IGNORE INTO cargos (nombre) VALUES ('TECNICO EN CAPACITACIONES MASS');
INSERT OR IGNORE INTO cargos (nombre) VALUES ('TECNICO EN FLUIDOS');
INSERT OR IGNORE INTO cargos (nombre) VALUES ('TECNICO EN PREVENCION DE RIESGOS');
INSERT OR IGNORE INTO cargos (nombre) VALUES ('TECNICO EN SISTEMA');
INSERT OR IGNORE INTO cargos (nombre) VALUES ('TECNICO EN SOLDADURA');
INSERT OR IGNORE INTO cargos (nombre) VALUES ('TECNICO EN SOLDADURA AUTOMATICA');
INSERT OR IGNORE INTO cargos (nombre) VALUES ('TOPOGRAFO');
INSERT OR IGNORE INTO cargos (nombre) VALUES ('TRADUCTOR');
INSERT OR IGNORE INTO cargos (nombre) VALUES ('TRAINING ANALYST');
INSERT OR IGNORE INTO cargos (nombre) VALUES ('TRENCHING MACHINE SUPERVISOR');
INSERT OR IGNORE INTO cargos (nombre) VALUES ('TRENCHING PHASE LEADER');
INSERT OR IGNORE INTO cargos (nombre) VALUES ('TRENCHING SUPERVISOR');
INSERT OR IGNORE INTO cargos (nombre) VALUES ('WAREHOUSE FOREMAN');
INSERT OR IGNORE INTO cargos (nombre) VALUES ('WELDING & NDT SPECIALIST INSPECTOR (INSPECTOR DE SOLDADURA Y NTD)');
INSERT OR IGNORE INTO cargos (nombre) VALUES ('WELDING AUTOMATIC MACHINE OPERATOR');
INSERT OR IGNORE INTO cargos (nombre) VALUES ('WELDING INSPECTOR');
INSERT OR IGNORE INTO cargos (nombre) VALUES ('WELDING SUPERVISOR');
INSERT OR IGNORE INTO cargos (nombre) VALUES ('ZANJADOR');

-- REGIONES
INSERT INTO regiones (id,region,abreviatura,capital) VALUES (1,'Arica y Parinacota','AP','Arica'), (2,'Tarapacá','TA','Iquique'), (3,'Antofagasta','AN','Antofagasta'), (4,'Atacama','AT','Copiapó'), (5,'Coquimbo','CO','La Serena'), (6,'Valparaiso','VA','valparaíso'), (7,'Metropolitana de Santiago','RM','Santiago'), (8,'Libertador General Bernardo O''Higgins','OH','Rancagua'), (9,'Maule','MA','Talca'), (10,'Ñuble','NB','Chillán'), (11,'Biobío','BI','Concepción'), (12,'La Araucanía','IAR','Temuco'), (13,'Los Ríos','LR','Valdivia'), (14,'Los Lagos','LL','Puerto Montt'), (15,'Aysén del General Carlos Ibáñez del Campo','AI','Coyhaique'), (16,'Magallanes y de la Antártica Chilena','MG','Punta Arenas');

-- PROVINCIAS
INSERT INTO provincias (id,provincia,region_id) VALUES (1,'Arica',1), (2,'Parinacota',1), (3,'Iquique',2), (4,'El Tamarugal',2), (5,'Tocopilla',3), (6,'El Loa',3), (7,'Antofagasta',3), (8,'Chañaral',4), (9,'Copiapó',4), (10,'Huasco',4), (11,'Elqui',5), (12,'Limarí',5), (13,'Choapa',5), (14,'Petorca',6), (15,'Los Andes',6), (16,'San Felipe de Aconcagua',6), (17,'Quillota',6), (18,'Valparaiso',6), (19,'San Antonio',6), (20,'Isla de Pascua',6), (21,'Marga Marga',6), (22,'Chacabuco',7), (23,'Santiago',7), (24,'Cordillera',7), (25,'Maipo',7), (26,'Melipilla',7), (27,'Talagante',7), (28,'Cachapoal',8), (29,'Colchagua',8), (30,'Cardenal Caro',8), (31,'Curicó',9), (32,'Talca',9), (33,'Linares',9), (34,'Cauquenes',9), (35,'Diguillín',10), (36,'Itata',10), (37,'Punilla',10), (38,'Bio Bío',11), (39,'Concepción',11), (40,'Arauco',11), (41,'Malleco',12), (42,'Cautín',12), (43,'Valdivia',13), (44,'Ranco',13), (45,'Osorno',14), (46,'Llanquihue',14), (47,'Chiloé',14), (48,'Palena',14), (49,'Coyhaique',15), (50,'Aysén',15), (51,'General Carrera',15), (52,'Capitán Prat',15), (53,'Última Esperanza',16), (54,'Magallanes',16), (55,'Tierra del Fuego',16), (56,'Antártica Chilena',16);

-- COMUNAS
INSERT INTO comunas (id,comuna,provincia_id) VALUES (1,'Arica',1), (2,'Camarones',1), (3,'General Lagos',2), (4,'Putre',2), (5,'Alto Hospicio',3), (6,'Iquique',3), (7,'Camiña',4), (8,'Colchane',4), (9,'Huara',4), (10,'Pica',4), (11,'Pozo Almonte',4), (12,'Tocopilla',5), (13,'María Elena',5), (14,'Calama',6), (15,'Ollague',6), (16,'San Pedro de Atacama',6), (17,'Antofagasta',7), (18,'Mejillones',7), (19,'Sierra Gorda',7), (20,'Taltal',7), (21,'Chañaral',8), (22,'Diego de Almagro',8), (23,'Copiapó',9), (24,'Caldera',9), (25,'Tierra Amarilla',9), (26,'Vallenar',10), (27,'Alto del Carmen',10), (28,'Freirina',10), (29,'Huasco',10), (30,'La Serena',11), (31,'Coquimbo',11), (32,'Andacollo',11), (33,'La Higuera',11), (34,'Paihuano',11), (35,'Vicuña',11), (36,'Ovalle',12), (37,'Combarbalá',12), (38,'Monte Patria',12), (39,'Punitaqui',12), (40,'Río Hurtado',12), (41,'Illapel',13), (42,'Canela',13), (43,'Los Vilos',13), (44,'Salamanca',13), (45,'La Ligua',14), (46,'Cabildo',14), (47,'Zapallar',14), (48,'Papudo',14), (49,'Petorca',14), (50,'Los Andes',15), (51,'San Esteban',15), (52,'Calle Larga',15), (53,'Rinconada',15), (54,'San Felipe',16), (55,'Llaillay',16), (56,'Putaendo',16), (57,'Santa María',16), (58,'Catemu',16), (59,'Panquehue',16), (60,'Quillota',17), (61,'La Cruz',17), (62,'La Calera',17), (63,'Nogales',17), (64,'Hijuelas',17), (65,'Valparaíso',18), (66,'Viña del Mar',18), (67,'Concón',18), (68,'Quintero',18), (69,'Puchuncaví',18), (70,'Casablanca',18), (71,'Juan Fernández',18), (72,'San Antonio',19), (73,'Cartagena',19), (74,'El Tabo',19), (75,'El Quisco',19), (76,'Algarrobo',19), (77,'Santo Domingo',19), (78,'Isla de Pascua',20), (79,'Quilpué',21), (80,'Limache',21), (81,'Olmué',21), (82,'Villa Alemana',21), (83,'Colina',22), (84,'Lampa',22), (85,'Tiltil',22), (86,'Santiago',23), (87,'Vitacura',23), (88,'San Ramón',23), (89,'San Miguel',23), (90,'San Joaquín',23), (91,'Renca',23), (92,'Recoleta',23), (93,'Quinta Normal',23), (94,'Quilicura',23), (95,'Pudahuel',23), (96,'Providencia',23), (97,'Peñalolén',23), (98,'Pedro Aguirre Cerda',23), (99,'Ñuñoa',23), (100,'Maipú',23), (101,'Macul',23), (102,'Lo Prado',23), (103,'Lo Espejo',23), (104,'Lo Barnechea',23), (105,'Las Condes',23), (106,'La Reina',23), (107,'La Pintana',23), (108,'La Granja',23), (109,'La Florida',23), (110,'La Cisterna',23), (111,'Independencia',23), (112,'Huechuraba',23), (113,'Estación Central',23), (114,'El Bosque',23), (115,'Conchalí',23), (116,'Cerro Navia',23), (117,'Cerrillos',23), (118,'Puente Alto',24), (119,'San José de Maipo',24), (120,'Pirque',24), (121,'San Bernardo',25), (122,'Buin',25), (123,'Paine',25), (124,'Calera de Tango',25), (125,'Melipilla',26), (126,'Alhué',26), (127,'Curacaví',26), (128,'María Pinto',26), (129,'San Pedro',26), (130,'Isla de Maipo',27), (131,'El Monte',27), (132,'Padre Hurtado',27), (133,'Peñaflor',27), (134,'Talagante',27), (135,'Codegua',28), (136,'Coínco',28), (137,'Coltauco',28), (138,'Doñihue',28), (139,'Graneros',28), (140,'Las Cabras',28), (141,'Machalí',28), (142,'Malloa',28), (143,'Mostazal',28), (144,'Olivar',28), (145,'Peumo',28), (146,'Pichidegua',28), (147,'Quinta de Tilcoco',28), (148,'Rancagua',28), (149,'Rengo',28), (150,'Requínoa',28), (151,'San Vicente de Tagua Tagua',28), (152,'Chépica',29), (153,'Chimbarongo',29), (154,'Lolol',29), (155,'Nancagua',29), (156,'Palmilla',29), (157,'Peralillo',29), (158,'Placilla',29), (159,'Pumanque',29), (160,'San Fernando',29), (161,'Santa Cruz',29), (162,'La Estrella',30), (163,'Litueche',30), (164,'Marchigüe',30), (165,'Navidad',30), (166,'Paredones',30), (167,'Pichilemu',30), (168,'Curicó',31), (169,'Hualañé',31), (170,'Licantén',31), (171,'Molina',31), (172,'Rauco',31), (173,'Romeral',31), (174,'Sagrada Familia',31), (175,'Teno',31), (176,'Vichuquén',31), (177,'Talca',32), (178,'San Clemente',32), (179,'Pelarco',32), (180,'Pencahue',32), (181,'Maule',32), (182,'San Rafael',32), (183,'Curepto',33), (184,'Constitución',32), (185,'Empedrado',32), (186,'Río Claro',32), (187,'Linares',33), (188,'San Javier',33), (189,'Parral',33), (190,'Villa Alegre',33), (191,'Longaví',33), (192,'Colbún',33), (193,'Retiro',33), (194,'Yerbas Buenas',33), (195,'Cauquenes',34), (196,'Chanco',34), (197,'Pelluhue',34), (198,'Bulnes',35), (199,'Chillán',35), (200,'Chillán Viejo',35), (201,'El Carmen',35), (202,'Pemuco',35), (203,'Pinto',35), (204,'Quillón',35), (205,'San Ignacio',35), (206,'Yungay',35), (207,'Cobquecura',36), (208,'Coelemu',36), (209,'Ninhue',36), (210,'Portezuelo',36), (211,'Quirihue',36), (212,'Ránquil',36), (213,'Treguaco',36), (214,'San Carlos',37), (215,'Coihueco',37), (216,'San Nicolás',37), (217,'Ñiquén',37), (218,'San Fabián',37), (219,'Alto Biobío',38), (220,'Antuco',38), (221,'Cabrero',38), (222,'Laja',38), (223,'Los Ángeles',38), (224,'Mulchén',38), (225,'Nacimiento',38), (226,'Negrete',38), (227,'Quilaco',38), (228,'Quilleco',38), (229,'San Rosendo',38), (230,'Santa Bárbara',38), (231,'Tucapel',38), (232,'Yumbel',38), (233,'Concepción',39), (234,'Coronel',39), (235,'Chiguayante',39), (236,'Florida',39), (237,'Hualpén',39), (238,'Hualqui',39), (239,'Lota',39), (240,'Penco',39), (241,'San Pedro de La Paz',39), (242,'Santa Juana',39), (243,'Talcahuano',39), (244,'Tomé',39), (245,'Arauco',40), (246,'Cañete',40), (247,'Contulmo',40), (248,'Curanilahue',40), (249,'Lebu',40), (250,'Los Álamos',40), (251,'Tirúa',40), (252,'Angol',41), (253,'Collipulli',41), (254,'Curacautín',41), (255,'Ercilla',41), (256,'Lonquimay',41), (257,'Los Sauces',41), (258,'Lumaco',41), (259,'Purén',41), (260,'Renaico',41), (261,'Traiguén',41), (262,'Victoria',41), (263,'Temuco',42), (264,'Carahue',42), (265,'Cholchol',42), (266,'Cunco',42), (267,'Curarrehue',42), (268,'Freire',42), (269,'Galvarino',42), (270,'Gorbea',42), (271,'Lautaro',42), (272,'Loncoche',42), (273,'Melipeuco',42), (274,'Nueva Imperial',42), (275,'Padre Las Casas',42), (276,'Perquenco',42), (277,'Pitrufquén',42), (278,'Pucón',42), (279,'Saavedra',42), (280,'Teodoro Schmidt',42), (281,'Toltén',42), (282,'Vilcún',42), (283,'Villarrica',42), (284,'Valdivia',43), (285,'Corral',43), (286,'Lanco',43), (287,'Los Lagos',43), (288,'Máfil',43), (289,'Mariquina',43), (290,'Paillaco',43), (291,'Panguipulli',43), (292,'La Unión',44), (293,'Futrono',44), (294,'Lago Ranco',44), (295,'Río Bueno',44), (296,'Osorno',45), (297,'Puerto Octay',45), (298,'Purranque',45), (299,'Puyehue',45), (300,'Río Negro',45), (301,'San Juan de la Costa',45), (302,'San Pablo',45), (303,'Calbuco',46), (304,'Cochamó',46), (305,'Fresia',46), (306,'Frutillar',46), (307,'Llanquihue',46), (308,'Los Muermos',46), (309,'Maullín',46), (310,'Puerto Montt',46), (311,'Puerto Varas',46), (312,'Ancud',47), (313,'Castro',47), (314,'Chonchi',47), (315,'Curaco de Vélez',47), (316,'Dalcahue',47), (317,'Puqueldón',47), (318,'Queilén',47), (319,'Quellón',47), (320,'Quemchi',47), (321,'Quinchao',47), (322,'Chaitén',48), (323,'Futaleufú',48), (324,'Hualaihué',48), (325,'Palena',48), (326,'Lago Verde',49), (327,'Coihaique',49), (328,'Aysén',50), (329,'Cisnes',50), (330,'Guaitecas',50), (331,'Río Ibáñez',51), (332,'Chile Chico',51), (333,'Cochrane',52), (334,'O''Higgins',52), (335,'Tortel',52), (336,'Natales',53), (337,'Torres del Paine',53), (338,'Laguna Blanca',54), (339,'Punta Arenas',54), (340,'Río Verde',54), (341,'San Gregorio',54), (342,'Porvenir',55), (343,'Primavera',55), (344,'Timaukel',55), (345,'Cabo de Hornos',56), (346,'Antártica',56);

-- Reemplaza la sección de nacionalidades en tu poblar_datos.sql con esta lista completa
INSERT INTO nacionalidades (pais, gentilicio, iso_code) VALUES
('Afganistán','AFGANA','AFG'),
('Albania','ALBANESA','ALB'),
('Alemania','ALEMANA','DEU'),
('Andorra','ANDORRANA','AND'),
('Angola','ANGOLEÑA','AGO'),
('AntiguayBarbuda','ANTIGUANA','ATG'),
('ArabiaSaudita','SAUDÍ','SAU'),
('Argelia','ARGELINA','DZA'),
('Argentina','ARGENTINA','ARG'),
('Armenia','ARMENIA','ARM'),
('Aruba','ARUBEÑA','ABW'),
('Australia','AUSTRALIANA','AUS'),
('Austria','AUSTRIACA','AUT'),
('Azerbaiyán','AZERBAIYANA','AZE'),
('Bahamas','BAHAMEÑA','BHS'),
('Bangladés','BANGLADESÍ','BGD'),
('Barbados','BARBADENSE','BRB'),
('Baréin','BAREINÍ','BHR'),
('Bélgica','BELGA','BEL'),
('Belice','BELICEÑA','BLZ'),
('Benín','BENINÉSA','BEN'),
('Bielorrusia','BIELORRUSA','BLR'),
('Birmania','BIRMANA','MMR'),
('Bolivia','BOLIVIANA','BOL'),
('BosniayHerzegovina','BOSNIA','BIH'),
('Botsuana','BOTSUANA','BWA'),
('Brasil','BRASILEÑA','BRA'),
('Brunéi','BRUNEANA','BRN'),
('Bulgaria','BÚLGARA','BGR'),
('BurkinaFaso','BURKINÉS','BFA'),
('Burundi','BURUNDÉSA','BDI'),
('Bután','BUTANÉSA','BTN'),
('CaboVerde','CABOVERDIANA','CPV'),
('Camboya','CAMBOYANA','KHM'),
('Camerún','CAMERUNESA','CMR'),
('Canadá','CANADIENSE','CAN'),
('Catar','CATARÍ','QAT'),
('Chad','CHADIANA','TCD'),
('Chile','CHILENA','CHL'),
('China','CHINA','CHN'),
('Chipre','CHIPRIOTA','CYP'),
('CiudaddelVaticano','VATICANA','VAT'),
('Colombia','COLOMBIANA','COL'),
('Comoras','COMORENSE','COM'),
('CoreadelNorte','NORCOREANA','PRK'),
('CoreadelSur','SURCOREANA','KOR'),
('CostadeMarfil','MARFILEÑA','CIV'),
('CostaRica','COSTARRICENSE','CRI'),
('Croacia','CROATA','HRV'),
('Cuba','CUBANA','CUB'),
('Dinamarca','DANÉSA','DNK'),
('Dominica','DOMINIQUÉS','DMA'),
('Ecuador','ECUATORIANA','ECU'),
('Egipto','EGIPCIA','EGY'),
('ElSalvador','SALVADOREÑA','SLV'),
('EmiratosÁrabesUnidos','EMIRATÍ','ARE'),
('Eritrea','ERITREA','ERI'),
('Eslovaquia','ESLOVACA','SVK'),
('Eslovenia','ESLOVENA','SVN'),
('España','ESPAÑOLA','ESP'),
('EstadosUnidos','ESTADOUNIDENSE','USA'),
('Estonia','ESTONIA','EST'),
('Etiopía','ETÍOPE','ETH'),
('Filipinas','FILIPINA','PHL'),
('Finlandia','FINLANDÉSA','FIN'),
('Fiyi','FIYIANA','FJI'),
('Francia','FRANCÉSA','FRA'),
('Gabón','GABONÉSA','GAB'),
('Gambia','GAMBIANA','GMB'),
('Georgia','GEORGIANA','GEO'),
('Gibraltar','GIBRALTAREÑA','GIB'),
('Ghana','GHANÉSA','GHA'),
('Granada','GRANADINA','GRD'),
('Grecia','GRIEGA','GRC'),
('Groenlandia','GROENLANDÉSA','GRL'),
('Guatemala','GUATEMALTECA','GTM'),
('Guineaecuatorial','ECUATOGUINEANA','GNQ'),
('Guinea','GUINEANA','GIN'),
('Guinea-Bisáu','GUINEANA','GNB'),
('Guyana','GUYANESA','GUY'),
('Haití','HAITIANA','HTI'),
('Honduras','HONDUREÑA','HND'),
('Hungría','HÚNGARA','HUN'),
('India','HINDÚ','IND'),
('Indonesia','INDONESIA','IDN'),
('Irak','IRAQUÍ','IRQ'),
('Irán','IRANÍ','IRN'),
('Irlanda','IRLANDÉSA','IRL'),
('Islandia','ISLANDÉSA','ISL'),
('IslasCook','COOKIANA','COK'),
('IslasMarshall','MARSHALÉSA','MHL'),
('IslasSalomón','SALOMONENSE','SLB'),
('Israel','ISRAELÍ','ISR'),
('Italia','ITALIANA','ITA'),
('Jamaica','JAMAIQUINA','JAM'),
('Japón','JAPONÉSA','JPN'),
('Jordania','JORDANA','JOR'),
('Kazajistán','KAZAJA','KAZ'),
('Kenia','KENIATA','KEN'),
('Kirguistán','KIRGUISA','KGZ'),
('Kiribati','KIRIBATIANA','KIR'),
('Kuwait','KUWAITÍ','KWT'),
('Laos','LAOSIANA','LAO'),
('Lesoto','LESOTENSE','LSO'),
('Letonia','LETÓNA','LVA'),
('Líbano','LIBANÉSA','LBN'),
('Liberia','LIBERIANA','LBR'),
('Libia','LIBIA','LBY'),
('Liechtenstein','LIECHTENSTEINIANA','LIE'),
('Lituania','LITUANA','LTU'),
('Luxemburgo','LUXEMBURGUÉSA','LUX'),
('Madagascar','MALGACHE','MDG'),
('Malasia','MALASIA','MYS'),
('Malaui','MALAUÍ','MWI'),
('Maldivas','MALDIVA','MDV'),
('Malí','MALIENSE','MLI'),
('Malta','MALTÉSA','MLT'),
('Marruecos','MARROQUÍ','MAR'),
('Martinica','MARTINIQUÉS','MTQ'),
('Mauricio','MAURICIANA','MUS'),
('Mauritania','MAURITANA','MRT'),
('México','MEXICANA','MEX'),
('Micronesia','MICRONESIA','FSM'),
('Moldavia','MOLDAVA','MDA'),
('Mónaco','MONEGASCA','MCO'),
('Mongolia','MONGOLA','MNG'),
('Montenegro','MONTENEGRina','MNE'),
('Mozambique','MOZAMBIQUEÑA','MOZ'),
('Namibia','NAMIBIA','NAM'),
('Nauru','NAURUANA','NRU'),
('Nepal','NEPALÍ','NPL'),
('Nicaragua','NICARAGÜENSE','NIC'),
('Níger','NIGERINA','NER'),
('Nigeria','NIGERIANA','NGA'),
('Noruega','NORUEGA','NOR'),
('NuevaZelanda','NEOZELANDÉSA','NZL'),
('Omán','OMANÍ','OMN'),
('PaísesBajos','NEERLANDÉSA','NLD'),
('Pakistán','PAKISTANÍ','PAK'),
('Palaos','PALAUANA','PLW'),
('Palestina','PALESTINA','PSE'),
('Panamá','PANAMEÑA','PAN'),
('PapúaNuevaGuinea','PAPÚ','PNG'),
('Paraguay','PARAGUAYA','PRY'),
('Perú','PERUANA','PER'),
('Polonia','POLACA','POL'),
('Portugal','PORTUGUÉSA','PRT'),
('PuertoRico','PUERTORRIQUEÑA','PRI'),
('ReinoUnido','BRITÁNICA','GBR'),
('RepúblicaCentroafricana','CENTROAFRICANA','CAF'),
('RepúblicaCheca','CHECA','CZE'),
('RepúblicadeMacedonia','MACEDONIA','MKD'),
('RepúblicadelCongo','CONGOLEÑA','COG'),
('RepúblicaDemocráticadelCongo','CONGOLEÑA','COD'),
('RepúblicaDominicana','DOMINICANA','DOM'),
('RepúblicaSudafricana','SUDAFRICANA','ZAF'),
('Ruanda','RUANDÉSA','RWA'),
('Rumanía','RUMANA','ROU'),
('Rusia','RUSA','RUS'),
('Samoa','SAMOANA','WSM'),
('SanCristóbalyNieves','CRISTOBALEÑA','KNA'),
('SanMarino','SANMARINENSE','SMR'),
('SanVicenteylasGranadinas','SANVICENTINA','VCT'),
('SantaLucía','SANTALUCENSE','LCA'),
('SantoToméyPríncipe','SANTOTOMENSE','STP'),
('Senegal','SENEGALÉSA','SEN'),
('Serbia','SERBIA','SRB'),
('Seychelles','SEYCHELLENSE','SYC'),
('SierraLeona','SIERRALEONÉSA','SLE'),
('Singapur','SINGAPURENSE','SGP'),
('Siria','SIRIA','SYR'),
('Somalia','SOMALÍ','SOM'),
('SriLanka','CEILANÉSA','LKA'),
('Suazilandia','SUAZI','SWZ'),
('SudándelSur','SURSUDANÉSA','SSD'),
('Sudán','SUDANÉSA','SDN'),
('Suecia','SUECA','SWE'),
('Suiza','SUIZA','CHE'),
('Surinam','SURINAMESA','SUR'),
('Tailandia','TAILANDÉSA','THA'),
('Tanzania','TANZANA','TZA'),
('Tayikistán','TAYIKA','TJK'),
('TimorOriental','TIMORENSE','TLS'),
('Togo','TOGOLÉSA','TGO'),
('Tonga','TONGANA','TON'),
('TrinidadyTobago','TRINITENSE','TTO'),
('Túnez','TUNECINA','TUN'),
('Turkmenistán','TURCOMANA','TKM'),
('Turquía','TURCA','TUR'),
('Tuvalu','TUVALUANA','TUV'),
('Ucrania','UCRANIANA','UKR'),
('Uganda','UGANDÉSA','UGA'),
('Uruguay','URUGUAYA','URY'),
('Uzbekistán','UZBEKA','UZB'),
('Vanuatu','VANUATUENSE','VUT'),
('Venezuela','VENEZOLANA','VEN'),
('Vietnam','VIETNAMITA','VNM'),
('Yemen','YEMENÍ','YEM'),
('Yibuti','YIBUTIANA','DJI'),
('Zambia','ZAMBIANA','ZMB'),
('Zimbabue','ZIMBABUENSE','ZWE');
